Nama Akun,Ulasan
R***l,terimakasih barang sesuai pesanan
Lina,"lembab, ga kering, tahan lama."
Marta,"nggak bikin kering bibir, warnanya lumayan, agak oily jd transfer ya, sprtinya kurang tahan lama, sesuai harga"
Ivon,lipstik make over color hypnoes emg suka dari dulu. ini udah pembelian ke sekian kalinya. teksturnya ringan dan lembab di bibir
Mico,mabtabssss
Debora,"Keren, sekali oles makjreng warnanya. Sayangnya nyandet di pengiriman. Ganti ekspedisi. Jd agak kecewa sm pemilihan kurir by marketplace"
Romandhon,Bagus sayang lipstik patas saat pertama dibuka
Nana,bagus sesuai deskripsi.
e***a,"suka sama containernya yg magnetic dan premium. texture Lipsticknya juga light, jd dipakainya nyaman â™¡"
sri,sri
K***i,sesuai deskripsi
omahSemarang,"warnanya bagus, kondisi bagus"
V***i,"warna nya suka, beli lipstik dan bedak dapet hadiah hydrastay liter glow cushion, terimakasih make over"
E***a,Terima kasih barangnya sudah sampai
T***a,"teksturnya ringan banget, warnanya juga cakeppp"
A***a,okokokokokokokokokokokokokokokokokokokokokokokokokokokokokokokokokokokokokokokok
Anisa,warnanya lama2 jd agak ada efek pinknya juga
D***a,"warnanya bagus, sy suka, ringan dibibir, pengiriman cepat...expired 2027. mks seller dan tokopedia"
Ratna,lipstik patah
E***a,Cakepppâ€¦ga kering di bibir. Warnanya love banget
Wahyu,Baru kali ini pakai produk dari Make Over...biasanya make up yg dari New York itu...warna cantik & packaging eksklusif...belum saya coba kw bibir saya sih jd blm tau hasilnya.
V***a,warnanya syukaaa trmksh.
I***h,pucat warnanya tak sesuai dg photo
wiwin,"beneran creamy, enak banget di bibir... bakalan pesen warna lain ini... tks seller. packing rapi dan aman. pesanan juga cepat sekali sampai"
e***y,paket sudah D terima dengan baik bagus warnanya sukak banget amd cocok untuk kulit sawo matang melembabkan bibir gak bikin kering hanya saja pengiriman agak lama dan lewat dr tgl yang sudah D jadwalkan
T***n,barang yang dikirim sesuai pesanan dan pengemasan aman sekali
titalara,bagus banget warna yaa
Silvie,ringan banget bagus.. pengen koleksi warna nude apa ada ya kak
miko,yg penting istri seneng...
K***o,"sesuai pesanan, seri warna 11 adore,cocok untuk istri,kemasan sangat baiik"
Diana,keren...
Sutrisno,luar biasa . packaging nya bagus
B***u,Bgus banget
a***n,vbbvbnjjnbbbbbbbjjjjjjjjjjjjjj
K***i,"warnanya sesuai, ringan teksturnya"
Theresia,warnanya bagus..aku suka d
Rita,terimakasih sudah sampai paketnya
Rippun,mantab punya suka dengan warnanya
Rippun,"enak pakai, nyaman sepanjang hari dan warnanya bikin jatuh hati"
s***i,Alhamdulillah sampe juga paket nya makasih
Bubuid,Good
Susi,lipstik ya lembut dan tidak kering enak dipakai ya
aiga,pengiriman standart lah tekstur lipstiknya creamy enak dibibir nyaman deh baru beli makeover sih se cinta itu kyaknya sama makeover
N***a,Sebetulnya gak niat pilih varian ini. Karena varian no 9 yg saya cari dimana2 sedang habis. Gak nyangka ternyata warnanya bagus banget.. Bakal jadi favorit nih
Herlina,"paket diterima dengan baik, warna juga cakep, tutupnya pake magnet jadi gak mudah lepas."
Yusi,Warnanya ga sesuai sm kulit sy ternyata.. beda banget foto sm asli
Berly,semuanyaboke
heni,"Pesanan sudah diterima dengan baik, dipakainya terasa ringan dibikin, terima kasih.."
Munjir,Untuk pembelian kesekian x nya tak mau ganti dengan yang lainnya..
Toppers32251683,lama dlm pengiriman
N***A,sukaaa banget sama lipstick makeover. koleksi dikit-dikit ehehehe. ğŸ˜ğŸ’„
dyah,dyah
L***h,udah berkali2 pake produk ini. cuma sedih aja patah.
Elisa,"lipsticknya warnanya bagus, barang sesuai pesanan, pengiriman cepat, kemasan aman dan rapi.."
Riska,"Dipakainya enak, ringan Warna soft banget cocok sama bibir aku. Dapat diskon pula.. Favorit bingit ..."
Raline,mksh
Olivia,Bahannya ringan di bibir..
mas,"pas pertama nyoba teksturnya creamy ringan dibibir, matte finish.. cocok kalem buat bibirku yg hitam krna aku perokok aktif"
ikaa,"Warnanya bagus dan ringan di bibir, tapi warna ini afternya masih lengket di bibir harus extra bersihinnya dan bibir jd kering."
Titin,cakep polll
Dian,"SUKA BANGET!! Warnanya lembut dan lembab di bibir. Aku sdh coba berbagai merk baik lokal maupun internasional alhamdulillah akhirnya nemu yang cocok buat bibirku yang super kering. Seller sangat amanah, kurir juga gercep jadi cepat sampai dengan aman sentosa. Dapat diskon lagi dari tokopedia. Pokoknya RECOMMENDED pake BANGET deh. Terima kasih toped & sellernya."
Ayun,ringan trs warnanya cocok d bibir
U***i,"maaf ya min, aku kasih bintang 1 karna aku ada orderan lagi ndk dikirim sampe ke kena sistem. mau order ulang hrs antri lagi. sdh kecewa dengan pelayanan nya......"
R***n,"bahannha ringan, bagus bgt, dan ga bukin kering gtu sangat bagus pokonha"
adtuti,"warnanya bagus.. nempel di tangan tpi ya tunggu sampe matte utk tdk terlalu nempel2, suka sih"
SRI,"respon penjual,paking barang,kualitas produk juara semuanya Make over"
I***i,"mksh kak paket udh smpe terpacking dgn baik & aman, sayangnya krg cocok sm. warnanya krn liat di foto etalase warnanya soft ternyata lbh tua warna aslinya, packing produknya bgs sih ada magnetnya gt penutupannya"
Robiatul,"bagus kak ,warnanya pink,,,terima kasih sdh direkomendasikan pas milih warna.ringan di bibir dan melembabkan."
heni,"Untuk kesekian x nya order disini, krn ringan dipakainya, terima kasih"
Yuni,oke thanks
Hadmawati,"Pengirimanmya cepat, lipstiknya bagus, terima kasih"
Agung,mntep cocok untuk istri
A***n,A***n
Debby,Originalllll. Paking rapi aman.
AElizabeth,"Produk bagus, pengiriman cepat, dapat bonus pula, recommended seller ğŸ‘ ğŸ‘"
Dini,ringan transferproof
e***i,"lipsticknya bagus,sy suka warnanya"
M***i,sesuai
Inow,"paket sdh sampe. order ke 2 lipstik dgn warna sdkt lbh merah utk ibuku. alhamdulillaah beliau suka, ringan, gak bikin kering, keren dech. packing aman. tq Make Over. tq tokped"
A***h,"joss, texture super ringan ga ngerti lg"
G***a,"Bagus, sampe cepat biarpun pesen pas libur, gampang dipake lipstiknya dan tutup magnet nya memudahkan"
R***i,cakepp
Niade,cantikkkkk
Tuti,Nice
y***a,y***a
fitria,bagus
C***e,belum coba but i love the packaging and the lipstick color. freakin premium!
Liliana,"packing rapi sekali, barang ori warna bagus"
S***a,SUGOIIIIIIIII ğŸ¤©
Ridho,"Barang sesuai diskripsi,hanya pickup kurir yang lama!"
Yayuk,"warna cocok,cakep..dapet harga murah"
W***y,"Warnanya cantik. cocok banget. packing rapi dan aman, proses dan pengiriman cepat."
s***a,kelamaan.
W***y,"bagus, produk cocok, pengiriman cepat, packing super"
fegi,Paket datang saat saya keluar kota sehingga saya agak terlambat mengecek. Saya pesan lipstik 2 pcs yang datang hanya 1 pc. Kecewa berat! Masa Make Over Official Shop melakukan kesalahan mendasar seperti ini.
Ana,"pertama kali beli merek make over, lucu kemasannya ada magnet jadi auto ketutup rapat, warna juga sangat bagus dan ngak gampang lepas warna lipstik nya"
S***a,Alhamdulillah ğŸ™ğŸ»
m***m,baguuusss banget
a***k,Warna Charm (Pink) matching dipakai saat mengenakan seragam Bhayangkari.
Rihan,Seneng banget pas lipstiknya datang. Warnanya kalem. Cantik. Puas banget. Makasih min.
F***n,"produk sesuai, exp msh lama, pengiriman cpt n packing aman, thx yaa"
B***a,packaging nya gemoy dan lipmattenya ringan banget
D***n,BAKALAN DIBAWA KEMANA MANA NIHğŸ˜ SUKA BANGET BANGET
Ai,Ai
M***A,"teksturnya lembut ğŸ‘ğŸ» wrn ok. cm kirain yg kiss lbh soft wrnnya, tp tetep ok sih. tq seller"
Inow,"suka banget. dibibir ringan dan lembab, warnanya syahdu elegan. packing aman. pokoknya recomanded. pengin coba bedak TWCnya.... MO mmg mantul. tq tokped"
T***i,lembut.. bagus banget.. matte yg ngga kering.. recomended
Indah,"seller fas respon, pengiriman juga cepet"
Hananies,Hananies
I***a,pembelian kedua
fannila,baguuussssssss bangeeeetttt
Mela,selalu yg terbaik buat aku.. terimakasih..
Yeni,"Aku Tipe org yg Susah nyari warna lipstik yg pas, Sampe bnyk lipstik di rumah,.. tp pas beli make over Alhamdulillah Sukaa bngt, Cukup 2 aja ,pink nya no 01, coklat nya no 11 . soal warna Lebih bagus Aslinya,dari pada di foto iklan Hehee"
W***y,W***y
D***y,ok
i***z,"packaging sangat amannnnnnn, klo blnj d tokped ini nyaman sekali.........lipmatte nya juga bgus wrnanya pas d bibir sy, next order lg wrna lain"
Yunanti,"syuka, enggak salah pilih"
Anisah,Anisah
Ratna,barangnya asli
Henny,"sampai dgn aman. belum dicoba, mudahan suka"
R***a,"tekstur lembut dan awet, warna cakep, pengiriman cepat.."
R***i,"belum coba dipakai, kyknya bagus sesuai harga"
f***a,"01. Charm. teksturnya creamy jd harus benar2 dibersihkan, kalau gk bakal numpuk dan bikin bibir pecah2. warna natural. awalnya ngerasa terlihat pucat tp lama2 kaya nyatu sama warna bibir, cantik natural warnanya. cinta produk indonesia"
h***y,"terima kasih make over, lipstik nya bagus enak d bibir, pengiriman cepet & dpt harga diskon smoga seringÂ² diskon yaaaa next pasti order lg ğŸ™"
I***a,"Barang sesuai pesanan, packing rapi dan aman bgt,, lipstiknya agak berat, setelah dipakai warnanya gelap bgt di bibir saya seperti orang merokok ğŸ¥²."
L***a,pas di pake ad kek goyang gt mudah2an ga patah
Ilka,"memang suka lipstik ini. texture nya lembut dan ringan. pengiriman super cepat dan aman, pdhal pakai promo bebas ongkir. thank you"
Defan,Defan
H***y,dari sekian byk merk cuma lipstik ini yg cocok tidak membuat bibir kering
Githa,"suka banget, warnanya cerah tapi ga bikin kulit hitam ğŸ˜ğŸ˜"
K***o,"istri bilang oke cocok warnanya, kemasan oke"
Yuherti,Sip..sesuai pesanan..trima ksh
Hanurianto,"aduhhhh...kenapa sebagus ini... udah ringan mengcover semua bibir lagi... pokok nya aq jatuh cinta deh sama produk ini...kurirnya juga baik mau antar paket Wa dulu... pengemasan oke bgt walaupun cm order 1 , tapi ad bublewrapnya ..keren keren..next mo order warna lain..ğŸ‘"
T***y,"Kualitas the best,wangi dan lembut di bibirğŸ˜ğŸ‘"
Nur,cocok... suka warnanya
dewi,warna dan request dikirim sesuai TOP MARKOTOP POKOKNYA..
L***a,"packing super aman, pengiriman cepat"
Didit,Barangnya entah kemana
J***r,"Warna bagus, tdk kering dibibir."
Linda,warnanya bagus bgt suka bgt makainya
V***y,lumayan tahan seharian
M***a,M***a
T***i,"lipstik nya ringan di bibir, ckp bertahan lama"
Vera,Secantik ini dpt promo lg mks mks mks
Marser,ğŸŒŸğŸŒŸğŸŒŸğŸŒŸğŸŒŸ
NiNaaa,"Packaging rapi, aman. Pengiriman cepat, kurir ramah. Pertama kali coba, warna ny bagus sesuai utk ku semoga cocok."
N***a,"Bahan ringan, warna sesuai, mantap"
R***a,warna bagus ringan ğŸ‘
IbuWiwin,"Suka, lembab di bibir, pigmented, warna nya juga bagus, merah nya bagus gak ngejreng"
E***a,E***a
Yuli,packing ny super rapi..barang ori dan murah..mksh buat tokony
N***g,warnanya mantap sesuai gambar. puas deh
Eka,bahanny ringan gak crack pokokny gk bikin bibir kering...cuma ak salah beli warna aja tp krn uda ada bbrp warna dr make over jd tinggal diblend/ombre dg warna lain
Rajip,trimakasih ğŸ™
Beta,ternyata warna kurang pink buat sy
Susan,barangnya sesuai dan sampainya cepat sekali
Veronica,Ok bgt...baik produk maupun kemasan
Endang,kerenn..packing nya mantul ğŸ¤© warna lipstiknya baguss ğŸ‘ğŸ¤©
Tanti,packing super aman...makasih make over for all dan Toko pedia.kurir makasih
s***a,gercep.. ga bkin kering.. sukakk.. pgn beli warna lainny..
Amelia,"mencoba pakai merk lain, akhirnya balik lagi ke make over. Cocok utk saya. Tdk membuat bibir kering."
Uchtina,produk ok dan berkualitas sesuai yg saya suka dg tipe tekstur dan desain kemasan magnetik spt ini. akhirnya nemu alternatif merk yg similar dg yg saya pakai selama ini dg harga lbh ekonomis tp kualitas sama. respon ok
A***i,thk you
Sarah,lipstik nya bagus... ada harga ada kualitas ya.. ini sesuai sm digambar. cantik juga dibibir aku. dan ringan banget.. suka deh.. next order lagi deh
Ajeng,"ternyata warnanya jadi agak pinkish di bibir aku. formulanya enak bgt si, sangat pigmented. packing super aman."
Lianne,bagus tp warna kurang cocok nih
I***o,"Sumpah paling Puas cuma Make Over Product, yg lain hrg lbh mahal, dipakai krg enak"
M***a,"Great as always! Ini second purchase, sebelumnya beli shade kiss. Kali ini coba shade lain dan nude hasilnya, cocok banget â¤ï¸"
Gemilang,"warna bagus, terang"
T***a,"Cepat sampai. Barang sesuai, terimakasih"
J***a,mantab..terima kasih
I***u,I***u
mawar,"kemasan seolah d lakban ulang, berantakan lakbannya. meski barangnya masih utuh, tp gak ngerti apa maksud dr ini semua. untuk barangnya ini lebih berminyak dari varian lainnya."
P***i,"sudah diterima dgn baik, terimakasih."
mawar,love MAKE OVER. Teksturenya enak pakai. ini Aq pakenya Tipys banget. kaya org2 di drakor gitu
Bogie,"Barang sesuai ekspetasi, respon penjual bagus, ekspedisi biasa saja sesuai ekspetasi, kondisi barang aman sampai tujuan, recomended lah buat penjual ini, bisa buat langganan kedepannya, biarkan bintang yang berbicara."
Annisa,mantull..warnanya bagus. smg awet ya ğŸ˜Š
w***i,"paketnya dikemas dgn aman,terima kasih"
L***a,suka sm warna2 nya
Katerina,"Bagus, langsung menutup warna asli bibir. Mudah dihapus. Walau warnanya ternyata terlalu ngejreng"
tata,"sempet kecewa karna pesanan ngga dikirim kirim sampai dibatalkan sistem ğŸ˜¤ akhirnya order ulang dan di hari ke tiga baru dikirim, padahal sebelumnya order bedak ngga selama ini. maybe orderan lagi ramai tapi entah kenapa kesal aja gitu. cuma karna pengen cobain produk ini ya udahlah disabar sabarin akhirnya, dan salutnya di MO biarpun orderannya 1 biji juga packingnya cantik punya, ini nilai plus plus yang bikin orang kesal jadi reda emosinya. semoga kedepannya diperbaiki"
Vonne,warnanya sesuai
nd,"warna cantik, tekstur dan kualitas produk ok....."
J***i,udah diterima dengan baik. pengemasan bagus. thanks seller ğŸ˜Š
L***a,warna nya cantik
UTAMI,Bahannya ringan .warnanya cocok ... bagusss dehhhhh ...
M***a,baguss wrnya..
Raihana,"nyoba & ketagihan dong beli lipstick seri hypnose. emang beneran creamy. baru kali ini jg nyoba lipstick dgn shade ini. di aku jatohnya lbh ke oranye. klo dipake terus lbh dr 5 jam ke bibir jd kering tp aku sih ga masalah karena bbrpa jam jg dipake makan, minum, dll ya psti reapply. ga suka lipstick yg awet lama bgt gt karena suka bikin bibir item. tutupnya magnetic jd ga ribet buat tutupnya. thanks make over"
Amelia,gak bikin kering bibir. Top!
rika,Oke ğŸ‘
Budhis,"Warna bagus, seller ramah dan responsif"
R***l,"kurang tahan lama , cpt ilang jd hrs touch up ulang"
M***e,"Barangnya sih bagus tapi pengiriman super lama bikin emosi. Beli tanggal 29 Juli baru dikirim 5 Agustus - 8 hari! Itu pun udah lewat complain beberapa channel (chat Toped, diskusi Toped, Website, tanya ordal, eMail CS sampai mempan di Chat CS Paragon, baru akhirnya dikirim). Luar biasa sih pengalaman kali ini."
heni,"Produk Ok sesuai deskripsi, terima kasih.."
H***i,warna oke banget. love it
Tia,"ggiiilleee ni lipstick,benerÂ² keren ,warna ok,ke bibir lembut, ngga bikin kering dan tempatnya iituuu wooiwww amazing banget,ada magnitnya.top markotop ni ..dikemas super aman,selller rammahhh.tq ya tokped.Gbu"
Nine,"Produk diterima dgn baik tanpa cacat, packing dan pengiriman oke. Terima kasih, sukses selalu"
N***a,sekali poles warnanya lgsg nempel. mantull
xdefsoulx,"ga nyangka kalo selembut itu di bibir... bener kata review salah satu youtuber bahwa ga perlu pakai base/lip balm lagi di bibir karna emang lembut ğŸ˜ Allure warnanya lebih jreng ya dibanding Soiree, kalo yg kulitnya cerah banget (kulitku warna kuning langsat) dan yg bibirnya murni ke pink-pink-an harusnya lebih cocok sama warna ini. Scandal juga lebih merah dibanding Swift and idk, maybe I suits with red much than pink bikos Scandal memberi kesan so lady boss, independent, banyak duit vibes. ini review jujur karena aku juga nanya temenku. karna beli 5 macam, jadi inilah akhir dari review 5 hari :3"
D***h,Dikasih free
N***a,difotonya keliatan warna lebih ke pink ternyata aslinya lebih ke orange jd saya kasih ke ibu saya karena kurang suka sama warnanya. harusnya bisa kasih foto produk yg lebih real ya.
een,cantik warnanya.... udah lama pengen coba... ternyata pas di bibir saya creamy
bunga,"Bagus banget nih lipstick. Warnanya cakep, awet, tahan lama, ga langsung ilang walaupun abis makan, hasilnya agak matte tapi ga kering dan ga bikin bibir kering. Cuma sayang masih transfer. Overall oke, pengiriman pun cepet"
B***a,"Proses pengiriman sat set. Keamanan pesanan mantap, di bubble wrap tebal & diberi kardus gede. Warna cocok. Tdk bikin kering. Akan koleksi warna yg lain."
R***n,Produk halal dan berkualitas
Nareta,"Diterima dalam keadaan baik, sesuai dengan deskripsi"
Joyce,lisptik keren dan kekinian. tp warna blm dicoba sih
S***i,suka warnanya
C***e,"paket sudah terima, sesuai pesanan, sukaa deh"
N***g,"bahan nya ringan, oke banget di aplikasi kan ke bibir"
D***a,suka warnanya ğŸ¥°
P***a,"Pengiriman cepet, respon seller cepet banget, packing aman. Always dapet bonus kalo di make over. Happy banget. Thankâ€™s seller, sukaes terus"
T***i,"Sudah sampai sesuai pesanan, warna lipstik cantik , bahannya ringan....Alhamdulillah cocok"
M***a,"udah beli yg warna kiss sama temptation tapii belum puas karena menurutku masih agak terang warnanya, sedangkan aku suka yg warna natural buat bibirku yg gelap ini daaann ternyata cocok banget setiap aku pakai warna undercover banyak yg muji cantik ..yeaaa senangnya dapat warna yg pas."
resdun,pelayanan ok pengiriman juga cepat
Evita,Bagus sis thanks
Ipan,"tekstur lembut, kualitas ok, tahan lamanya mungkin harus ditingkatkan, warnanya bukin scandal, cocok"
E***a,bagus bangettt
Rachma,kirain warnanya maroon ternyata ungu
Ika,Cocok buat sehari2.. warnanya pas dan glowing.. okkkk
M***a,"suka sama lipstik ini tapi saya cocok warna yg temptation, coverage nya ok dan awet, ga bikin bibir kering"
Ayin,ğŸ‘ğŸ‘ğŸ‘ğŸ‘ğŸ‘
Lilis,biasa2 aja
Salmah,warnanya bagud
Desy,bagus warna nya
a***s,"teksturnya lembut bgt, enak bgt di olesnya dibibir. warnanya cantik, packagingnya best bgt.. untuk ketahanan lipstik dibuat makan nasi opor ayam.. hilang sih lipstiknya, tapi masih meninggalkan warna di bibir. ga masalah itu sih, tinggal dihapus pke tissu trus touch up lagi sempurna ga crack.. bagus deh pokonya.. lipstik ringan juga di bibir.dan pigmented bgt, sekali oles bisa full coverage bibir. next beli warna yg lain. ekspedisinya aja sih yg lama."
Indah,Indah
Devi,Warnanya cantik.. bibirnya jadi terlihat mulus ğŸ˜ƒ
a***i,"Bahannya ringan, warnanya bagus, cuma kurang cocok di bibir aja"
Putri,suka banget sama hasilnya mate tapi gak bikin kering cuma warnanya lebih terang dari yang di foto
Bagus,bagus bgt
Ema,pigmented dan lembut di bibir
Yuliana,sesuai pesenan
S***l,Ada bonusnya di kasih kuas blush on
L***i,"Si pinky yg ada lil bit hint orange pas oles di bibir. Dikitt tapi. Suka sama hasil pinknya, segar di wajah."
Mayasari,bahannya ringan dan warnanya bagus
H***l,produk dalam kondisi baik
Yoffi,"warna bagus... wlpn dipake utk makan, warnanya msh stay di bibir wlpn agak memudar, malahan digelas meninggalkan bekas tipisÂ². tp ga apaÂ² yg penting bibir msh terlihat cantik dgn warnanya"
M***a,"suka bangeett.... pigmented, lembut, ga bikin kering, warnanya cantik, packaging paling keren dan mewah, exp masih lama, aku mau koleksi semua warnanya ğŸ˜"
M***r,Make over sedari dulu memang sudah bagus.
Asturiah,terimakasih udah sampai..
T***i,T***i
h***i,warna sedikit beda dgn pict nya.
N***y,barang nya bagus. warnanya cantik. bibir ringan dan indah
Dian,Baru pertama nyobain ternyata lipstik nyaman bgt d bibir. Pigmentasi nya juara banget. Matte satin gt di bibirnya. Ga bikin bibir kering. Enak banget dipake nya bibir cantik dan lembab pastinya
N***y,barang nya bagus. lembut di bibir. terasa ringan dan halus
tika,sesuai pesanan siiipppp
r***i,ğŸ‘ğŸ‘
dessyca,"sesuai, pakainya ga bikin kering kulit bibir. thanks buat hadiahnya"
K***e,"cakep, cantik warnanya, nyaman dipakai, sesuai ekskpektasi"
Namiera,Warnanya kok beda sama yg di swatch kebanyakan ya hmmmmm..
Tri,makasih seller..dah dikasih bonus LG
Anggi,bagus tapi gampang patah huhuhu. apa aku pake tenaga kuda ya wkwkwk sedih
user,O3. Allure.. WARNA PINK NATURAL.. KEREN.. COCOK.. SM SELERA KU.. INI BERKAT ARAHAN DE BEAUTY KONSULTAN.. TQ U.. GBU..
m***m,m***m
I***s,"Sekali poles, warna bibir merata, kemasan mewah ada magnetnya aman isinya, warna cantiik, Matt, luv banget, makasih yaa"
T***a,T***a
Nada,"warna cantik bisa dipakai sehari2 karena natural bgt, packaging rapi tp pengirimannya agak lama but its okay."
Theresia,"packagingnya bagus, dan lipstiknya jg bagus warna dan ketahanannya."
susy,"keren banget pengirimannya, kemaren beli sekarang sampai dan dikemas rapi, savety bgt. makasih puas bgt deh krn produknya udah beli yg ke 3x ini dan lg nunggu jg buat anak lewat toped dia krn lisptiknya lembut gak lengket, sekali olesan warnanya nyata, pun berulang2 tetep kyk gitu jd cukup sekali aja biar hemat pemakaian."
claudia,"Tekstur nya mudah diaplikasikan ke bibir, ga bikin kering, no transfer Kualitas bagus ga mengecewakan."
dobi,packingnua bukan maen.mantab betul.. joss
HENCE,HENCE
Y***a,bagus warnanya. mau beli shade lainnya
Yuliana,sesuai pesenan
A***i,bagus warnanya khususnya buat sawo matang
Bekti,barang sampe dngn aman ğŸ‘
Luluk,keceeee bet
f***e,lipstikx ORI . Bagus . sesuai deskripsi.. makasiiiih yaa..
N***a,Cantix dua2 nya respon seller jg ramah thx u
Y***a,"bahan ringan warna cocok di sy, packing sangat sangat elegant dan aman.. pkonya top sy kynya mau beli lgi deh .. thanks seller sukses selalu laris manis tanjung kimpul.."
P***a,Pas n cocok warnanya ğŸ‘ringan dipakainya ğŸ‘ suka ğŸ˜ mau order warna lainnya nanti hbs lebaranğŸ‘Œ
Rahayu,baguuussss
Y***i,saya suka warna2nya. bahan dan warnanya lembut.
S***k,"warnanya cantik banget.aq cb aplikasi di tangan,trs aq hapus pake tissu g gampang ilang.aromanya jg wangi,ringan d pake d bibir.syukaaağŸ˜˜"
Mimi,suka sekali...bahan nya ringan cocok di kulit dan bibir.... pengiriman aman dan cepat...thanks
I***a,kaget sekali diusap langsung keluar warnanya cakep bgt. Muka jadi auto cerah pakai warna ini. Dan pudarnya pun masih menyisakan warna di bibir. bukan yang bener2 lenyap ditelan kalbu ğŸ˜„ mau beli warna lain ah ğŸ¤­
Ita,"tidak di ragukan lagi make over selalu terbaik. pengiriman cepat, konsultasi dengan admin sangat baik, dan makasih di kasih gift make over TWC Sponge. bakal beli lagi disini. thank u make over"
R***o,"spt biasa produknya memuaskan, cpt smp jg.trmaksh"
T***9,"kualitas nya bagus tekstur nya Juga Okee Terima kasih ,sdh kasih yg terbaik buat Aku Suka dgnCOLOR nya"
ricky,saya beli ini sebagai hadiah. dan dia suka.
Fatmae,"Suka sma warnanya, ngk gmpng luntur, alhamdulillah dapt harga promoğŸ˜"
Suliyati,mantaap warnanya sesuai dan keten
D***a,paas banget warnanya langsung nyatu dan ringan di bibir.. thanks seller
Iin,"bagus banget warnanya sesuai ,warnanya kalem, packingmya juga aman banget, dari tokonya pas beli diproses langsung kirim,tapi sayank kalau umtuk pengiriman pakai Anter Aja lama banget sampainya,udah 2Ã— beli tapi sampainya lama"
Y***e,"Keren, sdh beli beberapa warna. Murah, ndak kering di bibir. Ya boleh lah, buat koleksi warna. ğŸ‘Œ"
emmy,"bagus, cocok"
NENDEN,sesuai dg penjelasan barang. cantik kemasannya. . packing aman
Riani,bagusss
s***i,tks make over...
Erwin,"pengiriman cepat, gratis ongkir"
f***a,"Pengiriman cepat, aman, rapi, kardus dan pengemasan cantik... Isi belum dicoba. Tapi warna udah cocok dengan undertone wajah. Nggak sabar coba. Terima kasih!"
Fitriyana,"warnanya baguuss dan ringan di bibirnya, suka ğŸ¥°"
M***i,"bagus warnanya dan ringan dibibir, Terima kasih seller"
w***z,"warna ok, gak bikin kering bibir, lipstik juga ada magnet nya jadi gak akan rusak krn sering terbuka tutupnya"
J***e,"warnanya bagus ,tempatnya juga keren, packingnya memuaskan. mantap"
A***a,"bagus tekstur lembut,nempel di bibirğŸ‘ğŸ‘"
M***a,"suka sekali, thank you seller"
Ayu,"Packing super aman, barang sesuai request expired panjaaang. Terimakasih"
M***y,Kemana aja ya baru nyobain ğŸ˜€. Tekstur nya enak bgt creamy tapi ngga berminyak. Warnanya cantik ğŸ˜
D***i,Udh berlangganan pake make over. Barang selalu sampai dengan aman krna packingnya pakai kardus terus di dalemnya produknya dibungkus buble wrap tebel walaupun barangnya cuma 1 item. Pengiriman jg cepat ğŸ˜»
C***a,Bagus bgt!!
Rangga,melembabkan tp harus sering touch up tiap habis makan besar. tp kalo ngemil aman
Jenny,"produk ok, packing rapi, pengiriman tepat waktu"
Ika,warna nya beneran soft
NC,"Suka banget sama produk lipmatte ini karena simple tapi kemasannya mewah, lipsticknya juga enak dipakai sehari2"
Melinda,"lipstick nya lembut creamy, warna nya pink mix orange. pengiriman jg cepat..thx seller"
Marisa,"packing aman bgt,"
R***A,"Warnanya cakep, apa lagi buat yang berkulit cerah. Desain kemasan elit, ada magnetnya untuk menghindari keselip saat nutup. ğŸ‘ğŸ½ğŸ‘ğŸ½ğŸ‘ğŸ½"
R***a,warnanya oke
R***i,beli yang ke-2 kali nya dengan warna yang sama karna se cocok itu. love it!
P***i,kering di bibir
henny,"Warna kurang cocok, terlalu merah. Kurang berminyak. Agak kering. Memang kendala beli online. Harga murah. Respon penjual cepat. Pengiriman cepat. Packing aman."
T***s,"tahan lama, lembab tidak kering, warna juga bagus, utk cek warna disarankan lihat2 foto ulasan"
Nia,baguuuus bangeetğŸ˜ğŸ˜
Niken,"Warnanya bagus, sesuai pesanan, exp date masih lama, packing rapi dan aman, respon dan pengiriman cepat, terima kasih"
e***i,Terimakasih barang sudah diterima.
R***i,Bagus
besty,Abis makan langsung berkurang 50% warna lipstik nya.
A***i,"Produk dipacking dengan baik oleh official store. Tetapi pas sampe rumah entah gemana ceritanya segel produknya bisa sobek seperti sudah dibuka dan dilihat isi paketnya, sepertinya dari pihak ekspedisinya."
Chotibah,"lipstik nya sudah sampe rumah, pengiriman nya cepat banget ğŸ‘, Alhamdulillah barang utuh, tidak rusak, packing nya sangat aman dan rapi. warna juga benar sesuai order.next bs order lagi di sini. Thanks Make Over dan Tokped."
Maria,"Tekstur enak, creamy tapi ga lengket sama sekali. Warna bagus bangettt. Ga terlalu pigmented jadi jatuhnya cocok natural gitu ğŸ¥°â¤ï¸â¤ï¸"
Z***y,pesan tanggal 2 datangnya 2 minggu..parah abis..barang sih ok..tapi pengirimannya parah separah-parahnya.
R***u,bagusss jadi pengen beli lagiğŸ˜­
Rosiah,lipstiknya bagus ..
M***a,Terima kasih bonus lip matte nya
Nila,favorite ğŸ˜
M***k,puas bgt deh belanja di tokoped
Dewi,pengiriman yg sangaaaattt lama sekali
Dea,"warna sesuai, kemasan lipstiknya keren bgtğŸ‘"
Farah,keren warnanya
R***a,warna bagus. lembut dibibir
Nurmaw,"Bagusss... Real pict, semoga awet. Pengirimannya super cpt, packaging juga aman, terima kasih yaa... ğŸ™"
P***i,"Lipsticknya enak dipakeeeee, ringan di bibir, sekali swatch doang warnanya langsung keluar. Warnanya juga cakeeeepppp! Cocok untuk kulit yg cenderung gelap dan punya bibir hitam kaya aku, warnanya cenderung natural dan nge-blend sama wajah meskipun ngga pakai base make up samsek. Cuma pengemasan produknya sedikiiiiiitttt aja kurang safe karena meskipun udah dikasi bubblewrap dan kardus, tapi bubblewrapnya tidak diplester dengan cukup jadi lipsticknya lolos dari bubblewrapnya, hehe.. But it's okay, barangnya aku terima dengan baik dan utuh kok. Thank you, Seller! ğŸ’œ"
C***a,Buat kulit sawo matang warna pinknya lebih keliatan tapi tetep amaan dipake dengan makeup atopun bare face
sha,bagus sbetulnya. cuman warnanya ternyata lebih gelap dr di photo/iklan.
putri,expired masi lama 2025 makasi suka sekalii free gift liptintnya
Ratna,"Wooooowwww good service....perlu diacungi jempol dah utk admin sellernya Make Over Barang 2 hari pengorderan eee tiba-tiba udah sampai aja Lipstiknya bikin kece aku ajah,warna natural cocok banget dipakai pas gak pake make up , lembut&cute banget lah pokoknya, bibir lebih lembab tapi utk tahan lama sih aku blm lihat soalnya baru aku pakai .. cakep lah thx yaa."
Bunga,"sudah coba 1 minggu. Saya suka semuanya, kemasannya, warnanya, pengirimannya cepat."
hanny,"enak dipakenya, ga bikin bibir kering, packing aman dan rapi. okeee bangett dah makeover ğŸ‘ğŸ‘ğŸ«°"
A***p,ğŸ‘ğŸ‘
V***N,warna katalog nya ga sesuai ama aslinya 07 nya pink syekali
Leni,"sorry bru isi. thanks seller n tokped, pngiriman aman, packing good, barangnya is very well, respon tokonya cepet..mantul deh pokoknya ..oh iya sdh dicoba lipstiknya enak banget di bibir sensitif saya. mkasih ya seller"
NOVITASARI,Bagus warnanya dan tahan lama
A***a,Warnanya bagus bgt dan pengiriman secepat kilat. Thank you seller
Ferline,MANTAAAAP.. KEREN Warna nyaa ğŸ˜
K***a,"Sudah jatuh hati sama Make Over. Warnanya cantik, selalu juara dan packingnya rapi dan aman. Padahal hanya pesan lipstik 1 pcs. Terima kasih."
cindy,"barang bagus, okee, pengiriamn cepat"
hanny,Hepiii banget... beli banyak.. dapet bonus juga banyaaak.. thank u makeover ğŸ«°
Rippun,super super bagus mantap deh
E***i,"warna nya lebih gelap dari pict, padahal aku ngiranya lebih soft"
Ria,"warna ok, lipstick copot dr tempatnya, jd brantakan kmn2"
mega,"warna sesuai soft cantiik,lembab dibibir tidak kering thanks"
M***a,bagus lumayan
N***a,warnanya soft bagus di bibir gak kering
Lulunadhiroh,suka juga sama lipmatte nya warna nya baguss ğŸ’‹
G***y,Terima kasih barang sudah di terima.
S***a,"Lain kali, kalo kasih gambar foto yg mirip ya,jangan pake lighter. Jadi ga jauhhhhhhh dr aslinya.ğŸ’„"
Teti,"suka banget sm lipstiknya, tekstur nya ringan, warna nude nya bagus bgt"
D***n,"keren casing dan warnanya pun ok... kualitas bagus, enak dipakenya"
P***n,warna cantik. teksur lembut
F***a,"kecewa sama pengiriman ,ya allah pesen dri tggl 6 smpenya melebihi estimasi yg hrusnya max estimasi tggl 10,nii bru dteng tdi siang tggl 12. dan q nanya kurir si an*****a nya ktanya keselip d gudangğŸ¤¦â€â™€ï¸"
n***n,puas
Putri,cuma sayang lama bngt di kurir nya
Nada,"packaging lipsticknya lucu bgt kyk ada magnetnya, warnanya jg cantik dan pas diaplikasiin ke bibir jg ringan"
N***y,warna nya bagus
Hanggoro,paket sudah diterima dengan baik
L***a,"Warna bagus, tapi blm dipake. Pengiriman lama bgt."
Nurqomaria,nyari nyari lipstik warna ini g pernah nemu yang passsss... ini sukaa bgt .. ringan bener bener ringan... warnanya soft .... aahh cinta bgt dah. packaging nya mevvah... magnet sistem gitu....
L***a,creamy lipstik nya gak terasa kering di bibir dan wrnnya cakep cakep. lumayan tahan juga.
Ferline,"SUPEEEERRR KEREEN Warna nyaa... & AmazzzzzziinG bangeet, ternyataa AWEEET Lhoo.. Pokokkk nya `ssssssyuukak ğŸ˜"
Yuniar,waaahhhh......sukaaa banged sama warnanya
Ratna,bagus lah pokoknya man
E***a,Mantap banget lisptiknya dan dapat gift banyak. Terima kasih ya
Mira,"keren, makasih bonusnya"
Mudrika,warnanya nude cocok buat daily
E***A,"Pengiriman cepat, Kualitas produk bagus, packing rapih, harga terjangkau."
h***a,"suka banget warna nya, creamy banget nyaman dipakenyaa"
Koko,sesuai pesanan dan original
Adi,oke
Ira,belum dicoba. . packingannya ok
Tetti,barangnya original bagus exp masih lama
Hera,Ternyata gk sepucat di gambarnya yah lebih ke orange2 ğŸ˜
n***i,mantabsss
D***a,"warna bagus sesuai harapan, kemasan rapih dan aman"
Puspa,Puspa
Reni,mngemasnya mantap..bagus
Yuliati,"pas mantap, kemasan rapi aman, terimakasih seler dan terimakasih Tokopedia"
M***y,M***y
W***i,bahan ringan. lumayan awet ga cepet ilang. terima kasih
Kun,Pesanan no 3 dan 5 namun yg datang no 5 semua â€¦ untuk lebih teliti yooo krn tidak di video jd tidak bisa dituker
D***a,kemasan rapi lipstiknya bagus blm di coba semoga cocok ya
E***a,"bahannya ringan, gampang nyerap, cantik dan cocok utk saya dgn kulit sawo matang tone underwarm, utk tone lain sy krg tau.."
Niken,"recommended seller ğŸ‘ğŸ‘ğŸ‘ sayang belom dapat free gift nya, karena katanya random, hikss.."
Tetty,BARANG SEUSAI DAN CEPAT PENGIRIMANNYA
s***n,"sptnya bahan bgs,sayang tdk ada segel plastiknya"
D***i,"expired masih lama 10/25 barang bagus tidak rusak dan aman, terimakasih"
I***a,"makeover lembut, mate bgt walapun dipakai seharian. tapi tetep lipstiknya tetep ada di bibir"
D***i,"Mau gimana lagi, kepengen warna pucat seperti gambar taunya beda."
Desy,Desy
Melda,"Untuk mencocokkan warna, sy harus buka web make over. Ternyata warna di aplikasi web make over dengan warna libstik yg sama, lebih soft warna libstik yg si pesan. Intinya, warna libstik yg datang kurang terang, walau tipe dan jenis libstik yg sama dengan web make over"
Dewi,"lipsticknya bagus tp pengirimannyanlamaa banget, entah kurirnya atau bagian pengirimannya, but over all oke utk produknya"
dewi,"warnanya sama seperti warna bibir, jadi ga klitan pakai lipstik, mungkin harus cari yg lebih terang sedikit dari ini, untuk tekstur creamy, cocok dipakai sehari2"
Novie,warnanya superr..thx gift nya
enyawati,Barang ori lah yaw.... keren dan bagus warna saya suke...
Maria,"Bagus banget, kualitas oke. Yg blm pernah coba lipstik makeover lsg purchase aja pasti ga nyesel. Akan repeat order warna lainnya"
Irma,bagus lipstiknya...cuma biaya cod nya koq beda sm tertera diaplikasi
Fitri,barang sesuai pesanan pengiriman cepat dan aman dapat bonus pula makasih
susy,"intinya saya suka warnanya, sesuai dgn yg diinginkan, lembut, ringan ga lengket. packing rapi dan aman. terimakasih."
dian,warna di foto etalase lebih muda / cerah drpd asli nya. aslinya lebih gelap
M***e,lipsticknya bagus sesuai pesanan peakingan bagus
Mila,"Tekstur lembut, suka bgt sm warnanya, dipakainya nyaman.. Beli makeover selalu dikasih bonus produk,, terima kasihâ¤ï¸"
Ayu,"Packaging rapi, barang sesuai pesanan. Thank you"
Nita,packaging oke karena ini untuk seserahan jadi dus terjaga ga rusak. pengiriman oke gak lama. harga juga oke. thanks
S***a,"beli lipstick cm 1, tp pengemasannya aman gais"
Azra,"bahan nya ringan, warnanya suka banget. pengiriman cepat sekali karena fast respon. terimakasih dikasih tambahan bedak kecil"
Sinta,Sukaaak. ğŸ˜
Anissa,"Warna bagus, tekstur lembut kaya butter, dan gak bikin kering sama sekali."
yayang,yayang
N***a,"proses dan pengirimannya cepat, warna nya bagus gak bikin bibir kering"
Dwi,"bagus barangnya.... tutupnys pakai sistem magnet, jd ga usah muter"
P***a,"Bahannya ringan, nyatu gitu di bibir, kayak gak pake lipstik. pas dicoba ngerasa pink orange, pas coba selfie, oke bangeeet..."
Dwi,Matte hasilnya bagus
mirah,"warnanya sesuai , recomended"
maya,"warnanya pas dgn yang aku mau, tekstur ringan. saya suka"
d***a,packingnya top banget.
Peach,warna sangat pucat
Indah,suka SM teksturnya lembut next order lagi suka SM warnanya
Katry,Respon cepat packing rapih product warna lebih tua dr display
Cjosephin,Cjosephin
andi,warnanya bagus
A***i,"agak berat sih sedikit, nempel di gelas hehe dan kayak nya gak cocok dikulit aku yang sawo matang syukurnya dapat bonus ultra hi-mate lipstick no 008, jadi pas dipadukan jadi bagus kok ğŸ‘Œ"
j***e,"warnanya cakep, tekstur lembab di bibir. Dapat banyak bonus. Loved itğŸ¤©"
D***I,Lembut lipstiknya.. ga bikin kering.. packing oke bangeet.. dapat bonus juga lipstik thank you make over ğŸ˜˜
T***k,barang sesuai dan aman
S***a,"Dari packaging udah bagus banget. Untuk seri lipstick ini, ada magnetic vibe di packagenya."
Amelia,"suka warnanya. Cocok dibibir saya. Terima kasih buat BA-nya, telaten sekali menjawab pertanyaan2 saya. Tapi tumben nih, kok gak dapat bonus sama sekali dipembelian skrg? Padahal ini sdh 3x repeat order lho hehehehhe"
Irene,"Warna merah, orens, dan sedikit nude"
R***N,mantap
Woro,makasih dapat bonus
D***h,Thanks MakeOver. Dapet bonus
Fransisca,ordernya no 7. dikirimnya primrose. kurang suka. malas retur
K***o,"ngga suka, warnanya bikin wajah keliatan tua."
Mona,"Warnanya unik, harga terjangkau, melembabkan bibir, favoritku"
Tari,"tekstur lembut natural, kualitas ok, warna sesuai, pengiriman dan respon penjual cepat. tks."
Heny,bagus...sesuai pesanan...mudah mudahan cocok...ğŸ˜
Mochi,bagus.. semoga cocok di bibirku ğŸ¥°
s***o,make over color hypnose creamy lip matte sesuai pesanan.. kirim cepat.. packing ok..
D***a,"ori mantab, warna cantik bikin wanita jadi cantik nih, ringan semoga tahan lama dan ga nempel ."
Gingin,warnanya cantik dan mudah diaplikasi di bibir..
Ainun,cocok sama warnanya. teksturnya ringan kalo di pakai dan lembab
vina,"Super love it, temptation 07ğŸ‘„. Terima kasih"
Fadillah,warna terlalu gelap
R***a,Mantab banget kualitas barang & pengirimannya. pokoknya keren
Miranda,"Tekstur creamy, aplikasi gampang dan smooth, finish agak shiny. Shade ini cocok buat complexion yang lebih gelap. Jatuhnya warm-toned brick red"
Yayu,sukaa
Suzan,Barang yang dikirim tidak lengkap tidak sesuai pesanan
F***a,"Warna soft, tekstur ringan"
Riana,ini lisptiknya warna dan Bahannya bagus bgt.. Kualitas nya luar biasa bagus bgt
Riana,ini lipstiknya Buaaagussssss banget... bakal jd langganan ni
ici,"Produk Make over emang juara, Suka banget dong sama Lipmattenya"
s***l,Melembabkan favorit banget deh
M***a,"bagussss, paketnya aman banget, cuma ekspedisinya yg error, dikirim ke rumah lain , untung tetangga eike baik. disampein."
nopliani,nopliani
Tineke,lembut teksturnya dan bagus
T***y,warna sesuai ekspektasi. peach gitu. cocok sama sama kulit aku. packaging MO ga usah diragukan lagi. aman banget ğŸ‘ŒğŸ» expired 2025.
B***t,terimakasih ğŸ™Œ
W***n,belum dicoba tapi exp date masih lama 230525
n***n,makasih sudah diterima.
Bonielny,Wrn tidak sesuai dgn gambar
V***a,V***a
F***i,F***i
Diah,Diah
Mimi,barang bagus
Martinus,Martinus
Agung,Agung
wahyu,"udh mh diskon, ad cashback juga, nyampe ny cepett.. dapat bonus pula..ğŸ¤©ğŸ‘ğŸ‘ğŸ‘ terimakasihhhğŸ˜ğŸ¤©"
M,M
l***g,Barang sesuai pesanan. warna lipstik sesuai dengan harapan. Packing rapi
j***o,Recomended seller
G***n,"Warnanya bagus banget, no debat"
Reni,PerfectğŸ–¤ğŸ–¤ğŸ–¤ğŸ–¤
P***u,"ringan bgt, coveraged nya oke. tapi sayang salah pilih warna ğŸ˜­ğŸ˜­ğŸ˜­"
M***a,"Suka, mudah2an ada rejeki buat beli item lain ğŸ˜"
Lintang,"shade nya cocok di kulit sawo matang, aq mix sm yg euphoria jd makin cantik warna nya"
D***r,mantab barangnya bagus makasih seller
yuli,cakeeeppppp bgt mix ombre nyağŸ¤©ğŸ˜ ter hipnotized akyuuhhh. jd soft bgt di bibir. kueceeeegghhhh pake bgt pokok nya
Irna,di pake di bibir jelek ga cocok klo di gambar kaya warnanya bgs
Yuki,"sukaaaa. warnanya pas sama seleraku yang ga suka lipstik warna ngejreng. warnanya pas setingkat di atas warna asli bibir, jadi bibir ga pucet tapi ga terlalu ngejreng juga. ga terlalu mate juga. pas ğŸ™‚"
r***i,suka sama lipstick ini. kali kedua beli dgn warna yang sama...
Harah,"Lipstiknya bagus, tapi warnanya gak kaya di gambar, lebih gelap aslinya. Padahal aku sukanya warna terang ğŸ˜­"
Yenz,blm d coba nd blm d buka paket ny... hrs ny estimasi tiba tgl 2 /3 ... dtg nya Tgl 10 itu aja komplain ke tokped .... parah bgt anteraja... pdhal buat kado jd ngk jd
D***e,kualitas produk nya ok
T,"Barang sesuai pesanan, proses pengiriman cepat."
S***a,saya suka produk ini sangat cocok untuk digunakan dengan tekstur yang lembut warnanya cantik dan sesuai dengan permintaan pengepakan barangnya rapi.
S***i,"Tepat waktu,sesuai pesanan,harga terjangkau,dan kurirnyapun ramah,Thankyou Shop,Tokped and Kurir"
Evi,"Mantapp,, terima kasih MakeOver bonus beauty blendernya ğŸ¥°â¤ï¸"
widya,"cakep, sesuai, warnanya natural bgt kemasan baik, pengiriman cepat terimakasih"
Sri,"cantik warnanya, lembut, menutup sempurna"
chika,warnanya love love
H***i,produk ori.. warna cakep.. packing rapi dan aman.. pengiriman juga cepat
f***i,bagus tapi lipstiknya sudah patah sebelum dipakai.
a***a,warnaya seger di wajah suka lah
A***a,Coverage-nya high Awet seharian ğŸ’„ Gampang dibawa-bawa
E***h,"make over never failed, lipstick nya enak banget dipake di bibir, pigmented dalam sekali usapan dan nggak bikin bibir kering walaupun hasilnya matte.. loooveeee it!!"
ffatricia,ffatricia
feby,Zuzur bagus bangetttt. Sukaaa. Tahan juga
ruri,ruri
John,"produk bagus, kemasan bagus, pengiriman cepat."
Y***i,Produk ğŸ‘ + admin ğŸ‘
Roody,Barang sesuai
Liana,As described. happy customer. thanks!! ğŸ‘ğŸ¼ğŸ‘ğŸ¼ğŸ‘ğŸ¼ğŸ‘ğŸ¼ğŸ‘ğŸ¼
Yunick,kata anak q baguss tp ngejreng mudahan aq g salah warna
Ticha,barang sampai dgn kondisi baik.warna lisptik sesuai.exp msh lama 2025
Ria,warnanya cantik. pengiriman cepat. trimakasih ya
U***k,Barangnya Ori. Texturenya lembut. Tutupnya gak gampang lepas. kaya ada magnetnya
N***R,top markotop dah...ğŸ‘ğŸ‘ğŸ‘
Vidya,Coverage-nya high Awet seharian ğŸ’„ Packaging aman ğŸ™ Respon penjualnya top
R***d,"produk sesuai dengan deskripsi, original, packing safety."
A***a,Warnanya bagus2 ğŸ¤© ayo banyakin warna pucatnya dong biar saya bisa pake ğŸ¥¹
Venty,agak gelap wrn nya
dian,dian
Melia,pass bgt warna nya di bibir.. lembut
Sri,bagus...gampang nyatu sama bibirku jd mantulll.. recommended ğŸ‘ğŸ»ğŸ‘ğŸ»
Neng,sukaaa bangeett.. warna nya bikin cerah muka.. d pk tanpa makeup pun bagus bgt..tekstur nya enak ga bikin d bibir.
Irma,"ringan dibibir, packaging bagus.."
T***y,"Barang sudah pasti original dan berkualitas ya guys. Terus pengemasan barangnya sangat baik jadi sampai dalam kondisi 100% baik. Seller sangat ramah bener dan responsif. Untuk urusan pengiriman gak ush diraguin lagi, cepet banget sampeknya. Makasih banyak ya Kakak Seller untuk bonus handsanitizernya sangat bermanfaat bangett ğŸ˜ğŸ˜ğŸ˜, Sukses dan Sehat selau kak ğŸ™ğŸ»ğŸ˜ğŸ™ğŸ»."
R***a,"respon penjual baik, pengiriman cepat dan dapat harga promo terima kasih, sukses terus makeover"
T***y,"packing rapi,Product bagus,terima kasih"
Sulami,packing rapi..barang exp msh lama dan dapat bonus lipstik ..tq y ğŸ™
Yani,"paketnya udah nyampe , packing ok, trims ya"
C***a,"warna nya cantik untuk bibir agak gelap, setelah dipakai seperti warna bibir tp sedikit lebih pink. packaging nya juga lucu ada magnet nya.. thank you seller"
B***a,cepet banget. baru kemarin order. udah nyampe aja sore ini. mudah2n cocok
Arlez,"kualitas bagu, ori, tapi pengiriman lama"
M***a,Pekat bgt yağŸ‘
Aifi,color too dark compared to the picture
Ida,cantiks
Entat,Suka dengan lipstiknya nyaman di bibir gak bikin kering
R***y,R***y
R***a,R***a
N***s,suka ğŸ˜ğŸ¤© penjual ramah dibantu pastikan keinginan pembeli sabarğŸ‘ğŸŒ¹
C***a,bagus warnanya. love it
Amelia,"krn bibir aku kering jd lumayan sulit diaplikasiin , trs shade 12 magnet dibibirku malah jd merah ke orange"
K***a,K***a
Herlina,warnanya berbeda dgn aslinya
imas,"warna nya bagus, benar2 tahan lamağŸ‘"
Ellyssa,"warna krg sesuai spt foto, yg agak ke pink soft muda tp fisiknya ke warna coklat muda."
G***a,"Warna nya soft, natural, exp date jauh. packingan sangat baik"
S***i,Coverage-nya high. Cocok buat bibir gelap. Gampang dibawa-bawa. Proses pesanan cepat. Packaging rapi. Packaging aman ğŸ™.
Novia,Novia
A***a,bagus bgt warnanya
nuraini,good
Zeni,bagus cepat proses kirimnya
Hilma,bagussssssss terima kasih
a***l,sesuai pesanan produk mantap
endang,"kemasan bagus aman, cepat sampai"
Yeyen,Sesuai pesanan packing rapihhhhh aman sukaaa
farida,farida
krisna,ğŸ¥°ğŸ¥°ğŸ¥°
indie,"setelah nonton semua video di youtube yg review lipstick ini, kegalauan antara 01 dan 07, akhirnya pilih ini dan sangat amat puas, warna peach pink sesuai yang diharapkanğŸ’¥ğŸ’¯ğŸ’™"
v***i,Coverage-nya high. Packaging aman ğŸ™. Packaging rapi.
R***I,warnanya cucooookkk pas bangett di bibir
dianayu,warnanya bagus
Lisa,"nyampai nya cepat,, produk dikemas rapi puasss DECH pokok nya reseller nya amanah..next order sesuai real pict..ğŸ˜ğŸ˜"
E***a,"Terimakasih barangnya sampai dengan aman, box rapi plus air bag, ga rekomen buat yg mau buru buru pakai lumayan 3 hari sampainya, shade ini ga nyangka cocok di wajahku yg tan, ga bikin pucet, lafff"
A***a,bagus bgt
K***a,"Packagingnya mewah, warnanya nude soft pink. Jadi ngasih efek bibir pink sehat alami. Yg suka warna nyala bakalan ga cocok sm warna natural begini sih. Teksturnya enak banget cuma masih gatau tahan berapa lama."
Adnan,bagus
Ika,udh order yg keberapa kali..ğŸ˜
D***i,D***i
Ovie,The Besttttt deh ğŸ‘ğŸ‘ğŸ‘
Mega,Warna nya bgus..sukaaaaa.. tidak bikin bibir kering.. mantap lah pokoknya
Baenah,Packaging aman ğŸ™. Packaging rapi. Respon penjualnya top. Proses pesanan cepat. Gampang dibawa-bawa. Aplikator mudah dipakai. Cocok buat bibir gelap.
e***e,ğŸ‘
A***n,"bagus sayangx kurir sll melempar brng dr atas pgr ,tanpa menghub'i dl"
sha,bagus sih. cuman sy pikir di gambar kan agak pucat lipstiknya. taunya realita agak lebih gelap daripada gambar ğŸ˜ varian adore
O***h,"ga sempet foto cuman bagus, tahan lama warna sesuai yang diharapkan, thanks seller"
Abil,pengiriman cepat dan warna sesuai
S***A,HATI-HATI PENIPUAN LIHAT FOTO INI. Exp 8 mei 25 Harga 63.200 warna a cocok utk anak muda. Gak norak or gak pucat.
Christi,"lembut ringan dibibir, warnanya juga lembut.."
W***i,Cocok buat bibir gelap. Gampang dibawa-bawa. Packaging aman ğŸ™. Sdh lewat 1 jam masih bagus dibibir.
I***A,lipstik make over ga pernah ngecewain
kurniawan,Coverage-nya high. Cocok buat bibir gelap. Awet seharian ğŸ’„.
Dinda,Dinda
I***a,"respon seller cepat, packaging rapi, warna bagus"
Deasy,"bagus, packing oke"
T***i,good !
Dinda,"Suka banget sama lipstiknya, gak bikin bibir kering dan warnanya bagus.. Dapet bonus pula.. Beli 1 biji kyknya bikin ketagihan pengen coba warna lainnya.."
Wibawati,DabesssssssstğŸ˜—
Tifah,"BAGUSS SAMA BAIK BANGETT. cuma beli lipstick sebiji eh dibonusin bedak:"")) mahalan bonusnya drpd belanjaannya wkwkwkw thankyouu sampe kaget knp beli lipstick aja kardusnya gede banget. dapet silky smooth transluncent powder, exp nya 2025 jugak makasi yaa!"
Widia,Coverage-nya high. Packaging aman ğŸ™. Proses pesanan cepat. Packaging rapi.
Siti,Cocok buat bibir gelap. Gampang dibawa-bawa. Packaging aman ğŸ™. Respon penjualnya top.
Hafizah,Terdengar lirih bisikanmu Di antara bayang-bayangmu Terucap kata cinta Yang dulu tersimpan Dan tak mau pergi Sekejap cinta yang terjalin Dan menjadi sebuah cerita Yang tak mungkin terlupa Terukir di hati Dan tak mau pergi Mungkinkah kumiliki Cinta seperti ini lagi Jangan biarkan aku Kehilangan dirimu Coba dengarkanlah sumpahku (Janji suci) dari hati Aku cinta kamu Jangan dengar kata mereka Yang tak ingin kita satu Yakinkan aku milikmu Aku milikmu Jalinan cinta tulus suci Terpadu terikat erat Jangan terpisah lagi Waktu 'kan menguji Cinta kita berdua Mungkinkah kumiliki Cinta seperti ini lagi Jangan biarkan aku Kehilangan dirimu Coba dengarkanlah sumpahku (Janji suci) dari hati Aku cinta kamu Jangan dengar kata mereka Yang tak ingin kita satu Yakinkan aku milikmu Aku milikmu Mungkinkah kumiliki Cinta seperti ini lagi Jangan biarkan aku Kehilangan dirimu Coba dengarkanlah sumpahku (Janji suci) dari hati Aku cinta kamu Jangan dengar kata mereka Yang tak ingin kita satu Yakinkan aku milikmu Aku milikmu Coba dengarkanlah sumpahku (Janji suci) dari hati (dari lubuk hati) Aku cinta kamu (aku cinta kamu) Jangan dengar kata mereka Yang tak ingin kita satu Yakinkan aku milikmu Aku milikmu
N***a,packing nga rapi....pengiriman lamaaaaaaaaaaa bangettttttttt
Akalpa,ok .. tp karena semimatte jd kl makan minum dia hilang
Berly,mantap
Sri,Aplikator mudah dipakai.
Lisza,Coverage-nya highPenjualnya ramah banget. Gampang dibawa-bawa. Proses pesanan cepat. Packaging rapi. Respon penjualnya top. Packaging aman ğŸ™. Aplikator mudah dipakai. Cocok buat bibir gelap.
Lita,"warna bagus, merahnya tdk terlalu menyala"
Oktavian,Oktavian
kikis,safety banget... barang aman...
yayang,mantap paketnya nyampe dengan selamat dan pastinya pengemasannya ga usah diragukan lagi emang mantap surantap
Agus,okeeee sipppssss
n***e,Toop markotooppp
Ika,"cepet banget sampainya, produk sesuai puas banget pokoknya. pengen beli lg no 6 dan 9"
Fany,"produknya bagus, packaging aman jd barang ga rusak. uda gitu dpt hadiah pouch gemoy. Thank you make over â¤ï¸"
T***k,"barang aman, packing mantab ğŸ‘"
Ika,Asiiik pesanannya sdh datang.. cocok banget pake warna undercover.. makasiih
Dora,good
Listy,"Cuma beli lipstik 1 biji, dus sama bubble wrap nya warbiasah ğŸ‘ğŸ˜„ warnanya merah bata. btw cuma lama di tangan kurir aja. Thanks makeover."
heni,Warnanya sedikit pucat..ğŸ˜…ğŸ˜…ğŸ˜…
diana,Makasih banyak. Pengiriman cepat sekali. Barang sesuai pesanan. Dibungkus kardus besar super aman. Makasih ya.
Uut,"seller ramah, cuma proses dan pengiriman agak lama ya, cover bagus, lipstik di awal creamy, kena angin kena angin, jadi matte, tp ga masalah, expired masih 2025, tp utk packingan sepertinya kurang aman jika belinya sejenis bedak atau kemasan kaca, rawan pecah dan berantakan krn kotak termasuk ukuran besar (jika pembelian dg jumlah hanya 1) dan bubble wrap tanpa di selotip, jadi rawan terguncangÂ² dlm proses pengiriman, thanks ğŸ˜‰"
F***a,ğŸ™‚ğŸ‘
L***a,Suka betul! Akhirnya nemu lipen yg cocok sama bibir sensitifku.
Yudhi,terima kasih.. sudah diterima dengan baik.. Lipstik nya bagus.. ngga pudar ketika dipakai makan pun.. warnanya cocok..
M***a,"Yuhuii.sampe dengan selamat, bubble wrap tebal dan dus."
A***h,ğŸ˜
m***a,"real pict, barang dikirim dengan sangat aman thanks banget"
B***a,suka lipstiknya matte tapi ga bikin bibir kering ğŸ˜
j***n,i love it.
thera,"Pengiriman dari Tegal... jadi yg bisa diharapkan diterima dlm waktu 2 hari, jadi 4 hari.... tapi krn dikasih bonus lipatick dan dompet, jadi tetep bintang 5"
septiana,"pengiriman cepat, kualitas barang oke udh gt dpt gratisan udh gt dpt pouch dan brooklyn color stick matte crayonğŸ˜. terimakasih make overğŸ¥°"
Yolla,"produknya sesuai dengan yang dipesan, pengiriman cepat"
Andry,Andry
R***a,"beli powerstay transferproof matte lip cream dan color hypnose creamy lipmate, dikasih bonus color stick matte crayon.. mantaab banget.."
E***y,Bagus hasilnya matte.. Design elegant.. Kemasan bagus.. Amaan.. Exp date lama 2025
Deana,"pengirimannya cepat, kalau konsultasi responnya cepat Dan ramah, barang nya ori.."
f***i,"pengiriman 3hari, aman rapih.. warna lipstik nya sesuai pesanan, toko nya amanah.. cuma warna nya agak beda ama yg difoto, di foto dan gambar kliatan warna pink muda terang benderang, tp nyata nya pink nya tua buat sy, tp gpp lah, trus matte juga lembut ga kering dibibir, ga bikin pecahÂ² bibir nya.. klw tuk tahan lama, selagi dipake puasa, awet spnjang hari. hbs dipake makan yah ilang lagi hehehe, emang udah hukum nya bgitu kali smua lipstik wkwkwk.. mksih ya toko amanah"
Fenny,package rapi banget..suka sama lipsticknya..thx uâ˜ºï¸
i***a,"beli 1 dikasih 2, walau hampir exp masih bln 11 ini.. terimakasih.."
Ida,"bagus bngt lipstik nya, bnr2 matte, gx nyesel blnja disini pakcing aman, tnks seller"
scored,mantap
S***i,Alhamdulillah pengiriman cepattt.. Seller ramahh baikkk... Barang di trima dlm kondisi baik.. Makasih seller tokped dan kurir.. Smoga Sukses dan berkah slalu..
Anggun,warna sesuai...tekstur ringan gak lengket
Ana,bagus banget dapat bonus jg lip crayon ğŸ‘ğŸ‘tengkyuu make over ğŸ˜Š
Suparti,Suparti
Aliya,barang palsu kadaluarsa
Alvin,warnanya suka bgt ğŸ˜»
Winda,sukaaa ğŸ˜
Ana,sukak warna nya . makeover the best lah
MEW,aku sudah lelah menunggu barang ini datang..karnaa luaamaa bngt..
Pipit,Packaging aman ğŸ™. Packaging rapi. Coverage-nya high. keren banget pokoknya
Nurmi,"Cocok buat bibir gelap. Aplikator mudah dipakai. Coverage-nya high.  btw .. lipsticknya dikemas dengan aman bubble wrap dan kotak gede , sampenya lama ..tapi ngga papa .. trimakasih banyak"
Fahmi,Packaging aman ğŸ™. Proses pesanan cepat. Packaging rapi.
A***u,Aplikator mudah dipakai. Packaging aman ğŸ™.
Amira,Packaging rapi. Packaging aman ğŸ™. Penjualnya ramah banget. Aplikator mudah dipakai. Proses pesanan cepat. Respon penjualnya top. Gampang dibawa-bawa. Coverage-nya high. Awet seharian ğŸ’„.
Ica,Coverage-nya high. Awet seharian ğŸ’„. Aplikator mudah dipakai. Gampang dibawa-bawa. Packaging aman ğŸ™.
Sasmi,Cocok buat bibir gelap. Gampang dibawa-bawa. Aplikator mudah dipakai. Packaging aman ğŸ™.
Rumiyati,Cocok buat bibir gelap.
Tri,oke.mksi
L***a,Respon penjualnya top. Packaging aman ğŸ™. Proses pesanan cepat. Gampang dibawa-bawa. Penjualnya ramah banget. Aplikator mudah dipakai.
D,"packing rapi, barang oke"
kris,Coverage-nya high. Awet seharian ğŸ’„. Aplikator mudah dipakai. Cocok buat bibir gelap. Gampang dibawa-bawa. Penjualnya ramah banget. Proses pesanan cepat. Packaging aman ğŸ™. Packaging rapi. Respon penjualnya top.
NGUI,cantik sekali warna nya dan ga bkin bibir kering.. the best emamg makeover mah
Merry,Awet seharian ğŸ’„. Aplikator mudah dipakai.
K***a,"coverage kurang, bibir gelap ga cocok pake hypnose, sering nempel ke gigi, tapi warna ok, ringan di bibir"
H***j,Coverage-nya high. Aplikator mudah dipakai. Awet seharian ğŸ’„. Gampang dibawa-bawa. Packaging aman ğŸ™. Respon penjualnya top.
Nurul,Nurul
Farida,"Make over nih langganan banget. Suka bgt sama warnanya. Beliin ini buat mama soalnya saya biasanya pakai yang lip cream. Tapi yang lipstick juga bagus, packagingnya juga bagus. Top bgt deh"
L***a,pkr pink bgt taunya ga terlalu tp oke sih dr packaging bagus.. cpt dproses tq
M***a,Coverage-nya high. Cocok buat bibir gelap. Awet seharian ğŸ’„. Gampang dibawa-bawa. Aplikator mudah dipakai. Proses pesanan cepat. Penjualnya ramah banget. Respon penjualnya top. Packaging aman ğŸ™. Packaging rapi. Warnanya cantik
R***h,"Wow puas banget. Warna pink nya sukaaaa bgt, baby pink. Tekstur nya lembut, ringan dan lembab. Bagus banget deh. Pink nya pas banget favorit!! Packaging juga keren ada magnetnya."
M***h,Coverage-nya high. Cocok buat bibir gelap. Gampang dibawa-bawa. Packaging rapi.
M***a,Packaging aman ğŸ™.
S***i,Packaging aman ğŸ™. Packaging rapi. Gampang dibawa-bawa. Proses pesanan cepat.
A***h,Coverage-nya high. Packaging rapi.
Intania,Lucu
Tety,Coverage-nya high. Cocok buat bibir gelap. Aplikator mudah dipakai. Packaging aman ğŸ™. Gampang dibawa-bawa.  next order lagi akhğŸ˜
Kriswati,Gampang dibawa-bawa. Proses pesanan cepat. Packaging aman ğŸ™. Respon penjualnya top. Penjualnya ramah banget. Packaging rapi. Cocok buat bibir gelap. Aplikator mudah dipakai.
Adinda,"Suka banget warnanya. Pengiriman aman, walau hanya 1 lipstick tapi packing aman bgt"
F***a,"favorit bangeeett buat ombrean, warnanya di bibir aku jadi kyk bibir sehat natural gitu pink cerah tapi gak pucet ğŸ¤ merci beaucoup!"
vidda,"keren banget,,baramgnya datemg cepet g lecet sedikitpun,,apalagi dapet bonusan pouch lucu,,,makasih kakPenjualnya ramah banget. Coverage-nya high."
Anggy,Coverage-nya high. Awet seharian ğŸ’„. Gampang dibawa-bawa. Aplikator mudah dipakai.
M***y,Awet seharian ğŸ’„. Gampang dibawa-bawa. Packaging rapi. Packaging aman ğŸ™.
Oza,Coverage-nya high. Aplikator mudah dipakai. Gampang dibawa-bawa. Awet seharian ğŸ’„. Penjualnya ramah banget. Packaging rapi. Packaging aman ğŸ™. Cocok buat bibir gelap. Respon penjualnya top. Proses pesanan cepat.
D***i,Coverage-nya high. Cocok buat bibir gelap. Awet seharian ğŸ’„. Proses pesanan cepat. Packaging aman ğŸ™. Packaging rapi.
Eke,Coverage-nya high. Cocok buat bibir gelap. Proses pesanan cepat. Aplikator mudah dipakai. Packaging aman ğŸ™. Gampang dibawa-bawa.
B***y,Coverage-nya high. Cocok buat bibir gelap. Gampang dibawa-bawa. Proses pesanan cepat. Aplikator mudah dipakai. Packaging aman ğŸ™. Packaging rapi.
Ayunina,:)
Suci,Coverage-nya high. Cocok buat bibir gelap. Awet seharian ğŸ’„. Aplikator mudah dipakai. Gampang dibawa-bawa. Packaging rapi. Respon penjualnya top. Proses pesanan cepat. Packaging aman ğŸ™.
yuniar,Coverage-nya high. Packaging aman ğŸ™.
Siti,Coverage-nya high. Awet seharian ğŸ’„. Packaging aman ğŸ™. Packaging rapi.
I***u,Gampang dibawa-bawa. Penjualnya ramah banget. Proses pesanan cepat.
Dessy,Awet seharian ğŸ’„. Coverage-nya high. Aplikator mudah dipakai. Cocok buat bibir gelap. Penjualnya ramah banget. Gampang dibawa-bawa. Proses pesanan cepat. Packaging aman ğŸ™. Respon penjualnya top. Packaging rapi.
milka,Coverage-nya high. Gampang dibawa-bawa. Aplikator mudah dipakai. Cocok buat bibir gelap.
ika,Awet seharian ğŸ’„.
R***J,Packaging aman ğŸ™. Packaging rapi. Aplikator mudah dipakai. Awet seharian ğŸ’„. Gampang dibawa-bawa. Proses pesanan cepat. Respon penjualnya top. Coverage-nya high.
Diana,Awet seharian ğŸ’„. Aplikator mudah dipakai. Gampang dibawa-bawa. Coverage-nya high. Cocok buat bibir gelap. Penjualnya ramah banget. Proses pesanan cepat. Respon penjualnya top. Packaging rapi. Packaging aman ğŸ™.
Cici,Coverage-nya high. Cocok buat bibir gelap. Aplikator mudah dipakai. Penjualnya ramah banget. Gampang dibawa-bawa. Packaging rapi. Packaging aman ğŸ™. Proses pesanan cepat. Awet seharian ğŸ’„. Respon penjualnya top.
Dominica,Aplikator mudah dipakai. Awet seharian ğŸ’„. Proses pesanan cepat. Packaging aman ğŸ™. Packaging rapi. Designnya elegan dan ada magnetnya. Jadi gak perlu khawatir tutupnya lepas. warnanya cantik dan produk mulus.
Yessy,Coverage-nya high. Cocok buat bibir gelap.
D***n,Sudah langganan
Anisa,Packaging aman ğŸ™. Respon penjualnya top. Cocok soft
Dessy,"Nyari lipstik matte yang bisa di bibir kering dan pas baru coba benar - benar cocok sama bibirku yang kering, tidak pecah dah mudah dipakai. Warnanya juga cocok sama warna kulit kuning langsat tapi lain kali mau coba beli yang warnanya agak coklat atau gelap, karena di bibirku lama - lama jadi kelihat agak pink. Coverage-nya high. Cocok buat bibir gelap. Awet seharian ğŸ’„. Aplikator mudah dipakai. Gampang dibawa-bawa. Proses pesanan cepat. Packaging rapi. Packaging aman ğŸ™."
Rizka,Packaging rapi.
Sari,Proses pesanan cepat Aplikator mudah dipakai
A***a,Packaging aman ğŸ™. Gampang dibawa-bawa. Proses pesanan cepat. Respon penjualnya top.
Ajeng,Coverage-nya high warnanya juga cakep benerrr cocok lah dipake buat base ombreeğŸ‘„ğŸ‘„ğŸ‘„ğŸ¥°ğŸ¥°ğŸ¥°ğŸ˜ğŸ¥ºâ£ï¸ğŸ’–ğŸ‘ğŸ»ğŸ‘
Yasmin,Coverage-nya high. Cocok buat bibir gelap. Proses pesanan cepat. Packaging aman ğŸ™.
C***z,"Coverage-nya high ,Packaging aman ğŸ™ Cocok buat bibir gelap Respon penjualnya top"
Luthfia,Luthfia
DiTae,Coverage-nya high. Cocok buat bibir gelap. Aplikator mudah dipakai. Proses pesanan cepat. Gampang dibawa-bawa. Packaging rapi. Packaging aman ğŸ™.
Hasby,Original
Christina,Aplikator mudah dipakai. Proses pesanan cepat. Packaging aman ğŸ™. Packaging rapi. Gampang dibawa-bawa.
Sri,Coverage-nya high. Aplikator mudah dipakai. Gampang dibawa-bawa.
Tya,warna bagus tapi tidak sesuai ekspectasi ku
M***d,ğŸ‘
E***a,Cocok buat bibir gelap. Coverage-nya high. Gampang dibawa-bawa. Aplikator mudah dipakai. Packaging aman ğŸ™. Packaging rapi. Awet seharian ğŸ’„.
Dede,Sukaaa
irda,Awet seharian ğŸ’„. Aplikator mudah dipakai. Gampang dibawa-bawa. Penjualnya ramah banget. Proses pesanan cepat. Coverage-nya high. Packaging rapi. Packaging aman ğŸ™. Respon penjualnya top. Cocok buat bibir gelap.
Selvira,Cocok buat bibir gelap. Awet seharian ğŸ’„.
S***a,Cocok buat bibir gelap. Packaging aman ğŸ™. Packaging rapi. Awet seharian ğŸ’„. Coverage-nya high.
rita,Cocok buat bibir gelap. Gampang dibawa-bawa. Penjualnya ramah banget. Packaging aman ğŸ™. Proses pesanan cepat. Aplikator mudah dipakai. Packaging rapi. Coverage-nya high.
rita,Coverage-nya high. Cocok buat bibir gelap. Gampang dibawa-bawa. Packaging aman ğŸ™. Proses pesanan cepat. Packaging rapi. Aplikator mudah dipakai.
Ryan,Cocok buat bibir gelap. Awet seharian ğŸ’„. Gampang dibawa-bawa. Aplikator mudah dipakai.
Yani,sukakk
L***O,"Paling seneng blnja klau cpet gini nyampe nya, makasih seller makasih ekspedisi makasih tokpedğŸ‘ğŸ¼"
IQie,Coverage-nya high. Awet seharian ğŸ’„. Gampang dibawa-bawa. Proses pesanan cepat. Packaging aman ğŸ™. Respon penjualnya top.
a***a,Akhirnyaaa ga salah pilih warna kali ini ğŸ¥°
desy,"puas sekali ,"
Anis,Awet seharian ğŸ’„. Coverage-nya high. Aplikator mudah dipakai.
Anti,Coverage-nya high. Awet seharian ğŸ’„. Aplikator mudah dipakai. Cocok buat bibir gelap. Penjualnya ramah banget. Gampang dibawa-bawa. Proses pesanan cepat. Respon penjualnya top. Packaging rapi. Packaging aman ğŸ™.
O***a,"warnanya cakepp dan lembab, tp sedikit hati-hati ges krna ini bakalan transfer ke masker, packagingnya lucu dan dia pake magnet likeâ€¦purriod i love this"
Toni,"sesui foto, Proses pesanan cepat. Packaging rapi."
s***d,Gampang dibawa-bawa. Packaging rapi. Respon penjualnya top. Proses pesanan cepat. Packaging aman ğŸ™.
novitasari,"packing mantap, produk lumayanğŸ‘Aplikator mudah dipakai. Proses pesanan cepat."
Dessy,Awet seharian ğŸ’„
Dewi,Packaging rapi. Packaging aman ğŸ™. Coverage-nya high.
A***r,Coverage-nya high. Awet seharian ğŸ’„. Aplikator mudah dipakai. Cocok buat bibir gelap. Gampang dibawa-bawa. Penjualnya ramah banget. Proses pesanan cepat. Packaging aman ğŸ™. Packaging rapi. Respon penjualnya top.
nurbaity,Coverage-nya high. Cocok buat bibir gelap. Gampang dibawa-bawa. Aplikator mudah dipakai. Proses pesanan cepat. Awet seharian ğŸ’„. Respon penjualnya top. Penjualnya ramah banget. Packaging rapi. Packaging aman ğŸ™.
R***d,produk sesuai dengan deskripsi. packing safety. expire tahun 2024.
K***A,Packaging aman coverage-nya high
Meitha,Packaging aman ğŸ™. Proses pesanan cepat. Packaging rapi.
H***i,"agak lebih cerah dr gambar. lipstik ini cock buat diombre ajaaaa. pengiriman cepet, makasih ya"
R***s,"Barangnya bagus, istri saya suka ğŸ™ğŸ½"
TITIEN,"respon cepat, barang cepat diterima dr estimasi, packing rapi"
Nuke,"High coverage skliiiiyyyy, packagingnya juga bagoos kek ada magnetnyaa ntaps"
P***o,"nyaman dipakai, gak bikin bibir kering, kemasannya oke bgt"
Lily,kalau utk lipstick kayaknya susah kalau beli online karena warna sedikit beda dgn gambar. utk kiss ternyata warnanya lumayan gelap. mungkin next mau order pilih warna yang terang nanti dapatnya juga sedikit gelap dari warna itu.
Risel,Aplikator mudah dipakai.
vlarieg,Coverage-nya high Awet seharian ğŸ’„ Aplikator mudah dipakai Cocok buat bibir gelap Gampang dibawa-bawa Penjualnya ramah banget Proses pesanan cepat Packaging aman ğŸ™ Respon penjualnya top Packaging rapi
M***a,Proses pesanan cepat
Salsabila,Cocok buat bibir gelap. dan makasih bonusnyaâ¤ï¸â¤ï¸... kemasan lipstik nya bagus banget... dan warnanya sesuai seperti di gambar
Yani,Coverage-nya high. Awet seharian ğŸ’„. Aplikator mudah dipakai. Cocok buat bibir gelap. Gampang dibawa-bawa.
yayuk,ringann dipakeknyaa smoga ccokAplikator mudah dipakai.
Elma,Cocok buat bibir gelap. Coverage-nya high.
Hanny,"Coverage-nya high Aplikator mudah dipakai. Bagus, melebihi ekspektasi, ada semacam magnet d bagian tutupnya, jadi tidak mudah lepas. Tidak kering dibibir, warnanya keren dan sekali pulas langsung tercover"
D***l,"Ga ragu kalo sama produk make over, istri suka.."
Aphin,Coverage-nya high. Gampang dibawa-bawa.
azizah,"Alhamdulillah, barang sdh sampe, lipstk bagus . peking jg bagus"
I***n,Awet seharian ğŸ’„ Aplikator mudah dipakai Cocok buat bibir gelap Gampang dibawa-bawa
I***n,Awet seharian ğŸ’„. Coverage-nya high. Cocok buat bibir gelap. Aplikator mudah dipakai. Gampang dibawa-bawa. makasih untuk bonusnya.ğŸ¤©
Zuni,"Barang original, cepat sampai, packing sgt rapi. Tks"
d***y,"sesuai deskripsi, prosesnya cepat. Rekomended ğŸ‘"
Yuliana,pkknya produk makeover udah ga bisa berkata2 apa2 lagi deh TOPCoverage-nya high. Gampang dibawa-bawa. Aplikator mudah dipakai. Awet seharian ğŸ’„. Cocok buat bibir gelap.
R***y,Cocok buat bibir gelap. Gampang dibawa-bawa. Ringan di bibir....
Fariana,packing aman banget..suka belanja disini
Marisa,terima kasih bonus nya
Dessert,Coverage-nya high. Cocok buat bibir gelap. Awet seharian ğŸ’„. Gampang dibawa-bawa. Aplikator mudah dipakai.
D***i,"packing rapi bgt., warnanya cantik, cocok buat kulit sawo matang.. beli color hypnose creamy lipmatte sama powerstay transferproof matte lip cream pas 1212 dapet bonus banyak.. huhu.. thank youuuu â¤â¤"
Asri,Aplikator mudah dipakai. Coverage-nya high. Gampang dibawa-bawa.
Bella,Gampang dibawa-bawa.
Gisele,"Coverage-nya high. Cocok buat bibir gelap. Gampang dibawa-bawa. Aplikator mudah dipakai. Awet seharian ğŸ’„.  Luv banget sama Make Over, dikasih freebies Cliquematte yg exp nya pun masih tahun 2022 ğŸ’•"
W***y,Coverage-nya high. Cocok buat bibir gelap. Awet seharian ğŸ’„.
l***y,Aplikator mudah dipakai. Aplikator mudah dipakai. Gampang dibawa-bawa. Coverage-nya high. Awet seharian ğŸ’„. Cocok buat bibir gelap.
I***k,Coverage-nya high. Cocok buat bibir gelap.
Gisele,Cocok buat bibir gelap. Awet seharian ğŸ’„. Gampang dibawa-bawa. Aplikator mudah dipakai.
Maria,Cocok buat bibir gelap. Gampang dibawa-bawa. Aplikator mudah dipakai. Coverage-nya high. Awet seharian ğŸ’„.
K***y,"Lembut fibibir, recomended Cocok buat bibir gelap Gampang dibawa-bawa Awet seharian ğŸ’„ Coverage-nya high"
nisa,"creamynya enak bgt, coverage bagus. lipsticknya kaya ada magnet gitu jd aman bgt tutupnya ga bakal gampang copottttt keren!"
n***e,Toop maarkotoopp
e***a,Awet seharian ğŸ’„ Aplikator mudah dipakai Gampang dibawa-bawa
Rachmawati,"Warnanya baguuss,, cuman tempat lipstikâ€™y agak berat krn ada magnetâ€™y jadi bikin nambah berat tas hahahha"
Maulana,Coverage-nya high. Gampang dibawa-bawa. Aplikator mudah dipakai. Awet seharian ğŸ’„. Cocok buat bibir gelap.
F***y,"warnanya cantik,"
G***a,"warna nya baguuusss..tp cepet ilang hehe..ga setahan powerstay, tetep suka coz wrn nya cakep. atas adore, bawah skye (crayon)"
dessy,Aplikator mudah dipakai Gampang dibawa-bawa Coverage-nya high
w***h,Awet seharian ğŸ’„.
S***a,Coverage-nya high. Aplikator mudah dipakai. Awet seharian ğŸ’„.
A***a,Coverage-nya high. Gampang dibawa-bawa. Awet seharian ğŸ’„. Aplikator mudah dipakai. Cocok buat bibir gelap.
Nina,Gampang dibawa-bawa. Cocok buat bibir gelap. Coverage-nya high.  dapat bonus blush on. makasih yaa
Andria,"fast respon, fast delivery...good and recommended â­â­â­â­â­"
euis,"Awet seharian ğŸ’„. cepet banget nyampe nya order malem, eh siang udh sampe kebandung lagi. tq. packing rapih next bakal order lg"
Ferawaty,Packing bagusss.. Brg sesuai order...
N***i,N***i
Moh,aduh.. biar bintang yg jawab deh.. pokoknya topğŸ‘. dapet bonus jugağŸ¤©
M***a,SENENGG NYAMPENYA CEPET HUHU. Cocok buat bibir gelap. Gampang dibawa-bawa. Aplikator mudah dipakai. Coverage-nya high. mantap pokoknyağŸ‘ğŸ‘
Gisele,"Cocok buat bibir gelap. Awet seharian. Coverage-nya high, tapi berasa kaya ga make lipstick, ringan banget. Design nya bagus dan praktis"
y***i,brg sesuai pesanan.
F***a,recommended seller.. produk cepat bgt sampainya pesen kmrn tiba hari ini.. packing aman bgt pakai dus & bubble wrap.. lipstick nya matte &lebih ke warna light coklat di bibirku .. next pingin beli yg lebih ke light pink.. trims & sukses terus
irvan,sudah sampai.terima kasih
d***e,d***e
A***a,"warnanya bukan pucet, gacocok buat ombre :("
Kunaenih,untuk liptik ini patah
Cynthia,warnanya cantik
E***i,barangnyaa sampee dengannselamat.. tapi ternyata warnaa nyaa lebih terang banget beda dengan di foto dan kemasan lipstiknyaa.... tapi masih okee tinggal di tmbahin wrna lain di bagian luarnya .. Aplikator mudah dipakai. Gampang dibawa-bawa.
Maul,addicted 08
Ulin,Gampang dibawa-bawa.
Aritta,kerenn bangett warnanya..promo lagi
H***a,Coverage-nya high Aplikator mudah dipakai Awet seharian ğŸ’„ Cocok buat bibir gelap Gampang dibawa-bawa
R***a,Coverage-nya high mewah pekejingnya
Imadiah,warna dan teksturnya favorit bangettt
elysabet,suka banget...pembelian ke dua
Laela,Coverage-nya high Aplikator mudah dipakai Gampang dibawa-bawa
H***a,Coverage-nya high Aplikator mudah dipakai Awet seharian ğŸ’„ Gampang dibawa-bawa Cocok buat bibir gelap. Kemasannya mewah.. suka bngt ğŸ‘ğŸ»
H***a,Coverage-nya high Aplikator mudah dipakai Awet seharian ğŸ’„ Cocok buat bibir gelap Gampang dibawa-bawa
P***u,manteppp murah bgt yang pasti ORI dan aku dpt hrga ga SMP 40 rb ğŸ¤­ğŸ˜
A***y,Awet seharian ğŸ’„. Gampang dibawa-bawa.
Yana,barang bagus sesuai pesanan
elysabet,suka banget
Ellya,Coverage-nya high.
Dianie,Gampang dibawa-bawa.
Jia,Gampang dibawa-bawa.  Gampang ilang
s***y,Coverage-nya high. Awet seharian ğŸ’„. Aplikator mudah dipakai. Cocok buat bibir gelap. Gampang dibawa-bawa.
D***a,"Aplikator mudah dipakai. Gampang dibawa-bawa. wrnanya jd terang bgt kalo di bibir pucat, lbh cocok buat bibir gelap."
Ilmi,Gampang dibawa-bawa. Aplikator mudah dipakai. Awet seharian ğŸ’„.
Oktafina,Cocok buat bibir gelap. Aplikator mudah dipakai. Coverage-nya high.
B***a,Cepet bangeeeettt beli pas 10.10 minggu pesen senen udh dtggg top bangeeettt.
elmi,warnanya mantab. pengiriman cepat sekali
RestuAma,Coverage-nya high. Aplikator mudah dipakai. Gampang dibawa-bawa.
D***i,"bagus ,pengiriman cepat"
S***i,Coverage-nya high. Cocok buat bibir gelap. Gampang dibawa-bawa. Awet seharian ğŸ’„. Aplikator mudah dipakai.
Nindy,Aplikator mudah dipakai. Gampang dibawa-bawa. Smooth banget pas dipake
Vina,mantapp kilat sampe nya
Fionna,Awet seharian ğŸ’„.
iis,trimakasih banyak.... bakal langganan suka banget warna nya... Awet seharian ğŸ’„.
H***n,Aplikator mudah dipakai.
D***e,"warnanya lucu sih, awet, lembab"
Bunbun,"mate bgt, ringan, dan awet dipakek seharian...bagus bgt warna nya, nanti mau coba beli warna2 lainnya...ğŸ˜„"
W***i,Bagussss
M.YAHYA,Coverage-nya high. Cocok buat bibir gelap. Awet seharian ğŸ’„. Aplikator mudah dipakai. Gampang dibawa-bawa.
I***a,"Bagussss... warna nya bagus, awet tapi lembut dibibir, tutup cover liostiknya seperti ada magnetnya..ditutup lgsg nempel nggak jatuh2. rekomended deh."
Didik,"make over is the best, dpt bonus pula"
u***u,Cocok buat bibir gelap. Awet seharian ğŸ’„. Coverage-nya high.
Anisa,Aplikator mudah dipakai. lumayanlahGampang dibawa-bawa.
K***n,lembut dan matte â™¥ï¸Coverage-nya high. Aplikator mudah dipakai.
Cookiest,Awet seharian ğŸ’„. Coverage-nya high. Cocok buat bibir gelap. Aplikator mudah dipakai. Gampang dibawa-bawa.
nadiah,Coverage-nya high. Gampang dibawa-bawa. Aplikator mudah dipakai.
A***a,Bagus tpi ga cocok warnanya sm aku
M***i,ternyata nempel digelas ... pas buat minum ....ğŸ˜…ğŸ˜…ğŸ˜… kirain ga
Ziggy,warnanya bagus coklat+orange terang. tp pas difoto malah jd pink hehehe
I***a,"bagus, barangnya original, packingan aman"
Novi,"langsung nempel dipake enak bgt, thankyou,"
Rini,"Pengiriman rapi, barang sesuai pesanan"
F***t,beli 2 barang dapat bonus 2
L***L,bagus banget sesuai pesanan
L***y,"warnanya segerrr, ini flirt 02 yess"
F***i,makasih hadiahnya...
fitri,warnanya suka..buat hari2 recomended
Luna,baik banget! dikasih bonus cobağŸ˜­ğŸ˜­
s***o,warna g sesuai gambar
ana,"Bagus banget warnanya, dan pake magnet juga tutupnya. Buat harga segini dapat kualitas seperti itu, itu terdebest....."
Ulvi,"sy pesen yg d gmbr no 03 allure,trnyata warnanya gk sama seperti gambar..yg datang pink ke unguan.sangat kecewa aq.kapok beli make over"
I***s,"Yang atas warna 04 dan yang bawah warna 12. yang 04 warna merahnya agak gelap, tapi kalau dipakek tipis warnanya jadi lebih soft dan bagus. Yang warna 12 warna brick dengan hint coklat, bikin warnanya lebih warm ğŸ‘ğŸ»"
Jose,Value for money
Niko,ok
Endang,wrn nya bgs & semoga cocokğŸ¥°
Y***a,bagus banget si ini warnanya sesuai gambar bener2 realpict
Anne,syukaaaaa... ğŸ‘ğŸ‘
Yullia,Yullia
Vivi,Cantik wrnanya sesuai di foto Suka deh
feby,baguss
Heni,"brand lipstik andalan,.fast respon cpt jg nyampenya. thank u make over"
Y***s,Y***s
M***h,"Makasih buanyaaak make over, buy 3 get 1 free, dapet blusher, omaygattt, udah gitu cashbacknya 50rb, monangis.. kalo soal kualitas produk udah gak diragukan lah ya, mantapp, luvvv ğŸ’•ğŸ’•"
n***x,nice
E***a,Cantiiiikkk
Jaenah,Thank you Make Over barang sudah diterima dalam keadaan baik. Packing sangat aman dan pengiriman jg cepat. Dapat free Multifix Matte Blusher dan voucher cashback 50k. Kualitas produk juga tidak perlu diragukan lg. The best pokoknya. Thankyou ğŸ–¤
E***a,CantiiiikkkğŸ˜˜
M***a,"Barang sudah diterima dan sesuai dgn pesanan. Belum dicoba, semoga cocok. Respon sangat baik, bahkan diberikan bonus matte blusher. Terimakasih banyak"
L***i,makasihhh
Fashun,"Cocoh banget shade 11 di bibir aku, langsung jatuh cinta ğŸ˜"
Jouliana,Mantaaabâ€¦ini orderanku yg ketiga puaaaaassssâ™¥ï¸
T***i,suka lipstiknya
Amertha,Coverage-nya high. Cocok buat bibir gelap. Gampang dibawa-bawa. Packaging rapi. Packaging aman ğŸ™.
Ika,Kemasannya kerennn... kayak ada magnetiknya... warna sesuai dg pesanan...
Rizky,lipstick nya ringan banget.. cocok
Lilis,"Selalu puas belanja di official ini, packaging aman dan pengiriman cepat. Barang udah pasti ori nya :) thank u seller"
Cessy,"langsung dicoba, wooowww bagus banget matte dan lembab. dan covering lipsnya itu bagus."
Anis,masyaAllah cepet prosesnya thanks
umma,"kedua warna ini cantik banget..soft tapi bikin muka fresh walau no full make up..keduanya nude..kalo 08 lebih ke peach-orange, kalo 11 lebih ke nude-merahbata.."
Tanakata,"suka bgt sama tekstur lipstik ini, creamy tp matte, ga kering di bibir, warna allure cantik bgt. pengiriman juga cepat."
Ari,ğŸ˜ğŸ˜ğŸ˜ğŸ˜ringan dipakainya...top lah
Holly,penjual cpt bgt responnya. liat d review bagus rata2 tapi d bbir ak knp wrnanya terang bngt yh jd hampir oren bata ğŸ˜£
nurul,"sampainya cepet bgt, teksturnya ringan"
santi,warnanya terlalu pucat ternyata tidak cocok utk kulit kuning
Anggraeni,Coverage-nya high. Awet seharian ğŸ’„. Cocok buat bibir gelap. Aplikator mudah dipakai. Gampang dibawa-bawa. Penjualnya ramah banget. Proses pesanan cepat. Packaging aman ğŸ™. Packaging rapi. Respon penjualnya top.
M***y,M***y
Gatut,cepat sampai
I***n,"Belanja kesekian kalinya, puas sama pelayanannya, barang ok, pengiriman cepat banget, kiri: make over titis sapoetra senna, kanan : lip mate color hynose adore, thank's ğŸ¥°"
Tetty,mantap
M***e,"Packing rapih banget, respon cepat, warna sesuai gambar... Tks"
A***m,"udah sampe kak, semoga cocok di aku, pengiriman cepet , makasih kak ğŸ˜Š"
I***k,"selalu puas belanja disini. fast respon n gercep, pengiriman juga cepat. thx seller"
Ira,keren! ada magnet di packagingnya
D***n,"Kualitas lipstiknya bagus. Shade 01 dan 11 dua-duanya cocok di kulit light/medium saya. Pengirimannya juga kilat, sehari langsung sampai. Terimakasih, Make Over Official Store, atas pengalaman belanja yang menyenangkan."
A***a,"Produk baik, bubble wrapnya super tebel. Thanks Makeover, Tokped and kurir"
sistrie,lipstik nya bagus cuma harusnya nude tapi dr admin nya kasi tau nya warna 01 ga sesuai pdhl pen si ombre sm liptint gpp ttp bagus warna nya kok
N***c,thank you so much beautiful product good service
A***i,thank you......paket sudah sy terima dengan baikğŸ‘ğŸ™‚
Merie,tempatnya bagus keliatan mewah ada magnet nyA gitu
Eklesia,"aku beli yang flirt dan untuk kulitku yang tan tetep bagus! gak terlalu pucet, pas aja.. puas banget, bubble wrapnya jg tebel.. thank you â¤ï¸"
nutrisarijerukflorida,terima kasih. oke semuanya pokoknya
M***a,"Pengirimannya cepet banget, kyak baru checkout besoknya udah datang aja packingnya juga aman, dikasi bubble wrap dulu"
Yeti,warnanya cakep dan ringan di bibir
Nur,Nur
B***a,"kecepatan pengiriman sangat baik, warna sesuai gambar. bagus banget pokoknya top deh!"
D***a,"warnanya bagus, pengiriman cepat sekali dan aman"
Dien,"pengiriman cepat, warnanya oke sesuai sama review2 yg ada dan pigmented banget buat bibir saya yg hitam tp ini ga transfer proof di saya overall suka kok ğŸ‘"
S***a,"warnanya cantik bangetttt. jadi kepengen buat beli warna lainnya, soalnya emang bener bener sebagus ituu. thank you make over!"
Arti,Warna nya cantik pekingan jg sangat aman dan rapi pengiriman suuupeerrr cepat pokok nya puaaaasssğŸ¥°ğŸ¥°ğŸ¥°ğŸ¥°ğŸ¥°ğŸ¥°ğŸ¥°
M***d,Produk sesuai. Proses pengiriman cepat. Paket dikemas dengan rapi dan aman. Terima kasih
Eni,"barang sesuai, seller cepat respon, pengemasan aman.. , recomended untuk belanja lagi.. maturnuwun..ğŸ‘"
Fatimah,lipstiknya nyaman banget
Babyantika,Cocok di sy warnanya.
Stephanie,"kurang muda warnanya, over all ok"
N***h,woke banget..ğŸ‘
Babyantika,"Produk ok, tp yg 02 flirt trnyta pucet warnanya."
Fitria,awal aplikasi creamy banget. tapi lama2 jadi matte..
Hidayati,"suka bangett.. barangnya sampai dengan aman.. jasa pengirimannya jg cepat sampai, terimakasih"
dhea,pengirimannya cepet banget packing juga rapi warna nya cantik nude pink gitu makasii ğŸ˜Š
Y***i,Biasa aja dibibir aq. warna juga biasa... apa karna terbiasa pake produk N*x yah.. tapi tetap sy pakai kok...hihihihi
F***a,"pelayanan cepat, produk sesuai"
Redy,sangat puas sama produk make over.
A***a,"pengirimannya cepat, thank you make over :)"
Titin,terimakasih bagus banget
M***a,barang sudah sampai di tujuan. barang sesuai dengan pesanan. Terima kasih
Astika,puas banget dan pengiriman nya cepat
G***e,"Warnanya keliatan lebih terang dibanding di foto, tapi semoga cocok.."
Nur,Nur
A***e,Cakep banget ini Bibir aku kan termasuk bibir gelap warna undercover ini cocok banget ini hasil sekali swatch ya cantik deh pokoknya
Edowati,"kwalitas ,pengemasan pengiriman semua oke"
Alina,"ternyata warnanya gk sama dgn deskripsi, warnanya lbh tua, kecewa"
Galih,pelayanan toko sangat memuaskan.. brg yg sebelumnya tgl expired tidak sesuai dengan info di chat.. langsung di retur dan waktunya tidak sampai 1 minggu
Dewi,"Fast respon, packing rapi banget, bubble wrap tebal. luar biasa bangetttttttt. make over emang the best. lipstik bagus bgt. ringan banget di pake. kerennnnnnnnnn"
Dewie,tq yaaa brg cpt sampe dan sesuai pesanan. packing rapi pake dus dan bubblewrap walo cm beli satu. next order lagiiii
Wahyu,sampe dgn selamat alhamdulillah
F***n,"creamy banget.. dan sangat transfer. jd mesti di lap pake tisu dulu biar layer pertamanya hilang setelah itu lumayan awet sih. untuk warna kiss bang agak ngejreng merahnya di aku.. kurang cocok aja rasanya. Pengemasan rapi meskipun hanya beli 1 item lipstik. makasih seller. modelnya mewah, pake magnet. suka.. tapi kayaknya bibir saya jd agak gelap setelah pakai ini.. apa perasaan saya saja ya.."
Riyanti,"kwalitas ok,baru kemaren bli skrng dah bli lg,pengiriman cepet packingnya jg rapi g patah .."
Siti,warena nya tak persis di gambar tapi kualitas nya okay dari kemasan nya yang magnet dan berat sudah menandakan kalau merk lipstik nya berkualitas premium...so far puas beli dan next mau coba warna lain..
Ndaru,"gk pernah kcewa ,barang bagus"
Indira,haiiii saya suka warnanya cocok di bibir saya kode Scandal 05 .. Pengiriman cepat dan Fast Respon bgt Officeal Storenya .. thanks ya
Laksita,"puas banget pokoknya, kualitas oke dan pengiriman cepat."
kikis,cepat banget packing rapi juga....
Riyanti,"lipstiknya patah mungkin kurirnya yg kurang hati hati,tp gpp sudah bisa di benerin walaupu glepotan... pengiriman cepat hari ini pesan besok dateng..mksh"
Lia,"suka banget, ringan dibibir, gak lengket, ga bikin kering"
y***n,bagus warna nya
N***n,shade no 11 natural bgt nude gtu nyaman dibibir makasih make over mksh tokped ğŸ’ğŸ’
Dian,"pengiriman cepat, lipstik enak dipake, formula bagus tapi warnanya lebih terang dr pada gambar, digambar kayak ungu mauve aslinya warna peach"
R***a,"packing rapi, sesuai pesanan. terima kasih."
Akun,bagus ringan di bibir
Indah,"Gak kecewalah klo sama official store yak. beli 2 item diwaktu yg sama, tetep dipack satu2 pake bubble wrap plus kotak kardus. nyampenya cepet n admin responsif. Dapet harga flash sale lagi."
Juliana,"warnanya bagus, pengemasannya mantap pake dus n bubble wrap pdhl cuma pesen 1 aja."
Toeti,"Pengiriman cepat, produk favorit. Puas.. ğŸ‘"
ana,respon seller cepat sekali. pengiriman cepat
Yumrokatimmufiroh,"mantep deh pokoknya,"
W***i,W***i
I***n,baguss banget warnaya ğŸ˜˜ğŸ˜˜
M***y,lipsticknya lembut banget. Ringan di bibir. Warnanya juga keren ğŸ‘ğŸ‘
d***n,"lipmatte favorit karena ga bikin kering di bibir, cocok buat sehari hari, warna nya cakep banget dan pigmented, packing nya aman"
Emma,Bagus warna nya walaupun dikirim random tapi suka. thanks...
Nana,paket lipstik sudah sampai dengan aman dan selamat
N***h,"lipstiknya sesuai hatiku, pokoe recomended lah"
Ide,suka banget warna nya mwevvvvvaaaaahhhh
S***y,suka dg warnanya.... ğŸ‘
gina,lipsticknya bgus wrna sesuai than lama.pgirimannya cpt.
Meiti,"ini lipstik keren parah sih, pas pertama pake creamy, tapi lama"" jadi matte, dan ga berasa banget matte nya, syukak banget, plus kmren beli lagi flashsale ga masuk akal, aku dapet lipstik ini cuman 15rbuan aja ğŸ˜ğŸ˜ğŸ˜"
S***i,"Produk sesuai dgn pesanan, packing rapi pake burble, jd produk aman ...klo kualitas jgn diragux utk make over ini, sy sll pake , tks ya"
D***k,tekstur OK dan dpt harga flash sale 15Rb expired thn 2023
Y***i,Agak di luar dugaan sih genre warnanya .... blm dcoba beneran transferproof ato ga
S***a,"Pertama kali beli makeup lewat online udah degdeg ser cemas bgt takut ga sesuai bc gatau warna aslinya, tp ternyata setelah datang WAAAW bgt parahhhh ga nyesel samasekali malah makin cinta bc harganya lebih affordableğŸ˜˜ğŸ˜˜ğŸ˜˜ soon bakal beli lagi deh"
H***y,pengemasan nya baik pengiriman nya cepat makasih
arfandi,ok
Nia,kemasannya elegan.. dengan tambahan magnet jadi tidak mudah terbuka saat didalam tas...
T***k,"cepat pengiriman, barang bagus ğŸ‘ğŸ‘ğŸ‘"
Ivana,"too dark, di foto gambar nggak segelap iji, mungkin efek cahaya atau apa kali ya.. tapi jauh bgt bedanya di foto gambar warna charm muda bgt, makanya pesen, eh dtgnya warnanya tua.. pengirimam dan wraping, packing oke bgt, cuma kecewa di warna lipstick yg gak kayak fotonya aja"
F***a,warnanya cantiiik...pas bgt dibibir aq.next mau cb warna n varian yg lainğŸ˜„.diketerangannya ada tulisan transfer proof tp masih nempel dikitğŸ˜…
Echi,ya bagus aja dpt cashback gede pula. tp pas aplikasi garis2 bibir semakin nyata ya. ah ntahlah apa eike yg salah.
A***z,"bagus banget formulanya, udah beli 1 warna. ini beli langsung 2 warna lagi. atas tempatation, bawah bewitched"
Elisabeth,"Shade 03 (Allure). Pengalaman belanja di toko ini oke. Admin cukup responsif di tengah banyaknya customer jg mungkin. Kecepatan proses pengemasan baik, produk yg diterima sesuai. TrimsğŸ™ğŸ»"
Erny,suka ama produknya
Meiana,sukkkak
Anita,suka banget baguus.. pengiriman cepat
Chun,Chun
Nabila,lucuu bgttt sukaaa bgttt ğŸ˜ğŸ˜ğŸ˜ğŸ˜
Annisa,cantik bangeeettt
Nadia,kemerahaan haha
Fitrya,puas..warna nya meskipun lbh muda dr warna digambarnya tp bagus
naneu,warna bagus sekali..lembut dan pigmented..senang pakainya..cuma mudah patah..entah kenapa baru beberapa kali pakai sudah patah..sedih.. mungkinkah terjatuh..
Maudy,Maudy
M***i,"makasih yaaa pesanan sudah sampai, terimakasih bnyak"
Kartika,"barang sdh sampai. pengemasan baik, barang sesuai. terima kasih"
lia,"alhamdulillaah lipstiknya smpe,pengirimanya cpt bgt cuma sehari dr serang ke jakarta.lipstiknya bgs tp ko wrnanya bisa samaan y sm lipstik q yg wrdah edisi korea.tp gpp yg pnting bgs,thanx tokopedia.."
Tuti,sesuai pesanan .. makasih
Gisanna,"suka banget sama lipmatte creamnya, warnanya bagus, packagingnya elegant."
J***v,ini keren...
D***i,"no.2 yg flirt cocok bgt di bibir aku.. bisa utk base ombre juga ğŸ˜ pas lg disc & dpt potongan 10rb pula, thankyouu make over"
Carol,Cepat banget sampek nya. Warna bagus sesuai dengan ekspektasi aku! Thank you ğŸ™ğŸ»
A***p,saya pilih No. 1 charm. difoto terlohat warna beige atau coksu muda. aslinya pink seperti difoto saya. dipakenya enak siy. tp warna tdk sesuai ekspektasi.
Tigatiga,bagus banget
S***i,"packing nya bagus, dikirimnya cepat, dan lipsticknya bagus sekali, warna cantik, bahannya bagus di bibir"
Fitri,baik
Vivi,"Kondisi lipstick nya tdk semua mulus, ada beberapa yg spt foto ini. Karena kondisi packaging tdk ada seal/segel jadi khawatir apakah ini hygiene ? Apalagi dlm situasi pandemic Covid saat ini"
sofyan,cepat mantap
Dwi,"responnya cepat, kemasannya benar aman, dan barangnya Oke bgt. itu sy pakai adore no 11. sukaaaaaak bgt."
M***a,warna adore cantik bgtğŸ¥°
P***a,"produk dan warna bagus, packing rapi dan aman. Puass, harga terjangkau tp dapatnya jauh lebih dari itu. Toppp deh"
y***i,di kemas dengan sangat aman.
Melisa,produk original
Indriasih,"pengiriman cepat,warna lipstik masih agak ketuaan klo dibibir saya...tekstur nya lembut .ya ok lah trims ya"
intan,slalu puuuuuuaaaaasssss maaciiihhh
abi,baguuss bnageeettt...
Gabriella,so beautiful. i love the color.
I***a,Sudah pembelian kedua
Nur,Nur
Lala,"Pemrosesan dn pengiriman cepet banget. Produk jelas ori. Kemasan lipstick nya fancy banget, sukak. Pigmented, creamy, lembab dn ringan. Msih da transfer dkit si. Warnanya gak se orange yg aq byangin, msih da hint pink nya. Tp bagus kok."
vita,tks seller
Tya,"keren,trimakasih..."
Trie,Trie
Rizki,"alhamdulillah, pertama kali order memuaskan. Brg nyampe cepat (kurir udh langganan), brgnya bagus tdk ada masalah. expired msh lama, seller baik & ramah. insya Allah, bakal order lagi. recommended seller ğŸ‘ğŸ‘ğŸ‘"
M***a,"dgn packaging lipstiknya yg model magnet gitu bagus sih, murah tp ga murahan. ringan dibibir, enak dipakenya"
Komang,"pengiriman cepat, produk sesuai deskripsi..."
Endah,bagus bangeeett....asli tahan lama biar udh buat makan2 tp ga gampang ilang
Annisa,cepett bangett sampenyaa mantapp ğŸ‘ğŸ»ğŸ‘ğŸ»
Putri,Putri
Regina,cakep
Ulli,Baguuuusss bgt...
D***a,topp lah pokoknya
I***a,Wernanya lebih gelap dari gambar
O***i,"#NoEffect #MakeOver SUKA banget sama warna & tekstur lipsticknya, next bakal order lagi ğŸ˜ğŸ˜ love it pokoknya â¤â¤â¤"
Mita,baru mau nyobain. mudah2 an cocok
Sonhaji,alhamdulillah gak salah lilih warna.
D***n,mantep
Finta,"nggk transfer proof,selebih'a OK sesuai pesanan"
Alya,sampai dengan baiiik. warnanya ada hint orange gitu. masih bagus dikulit sawo matang
Maria,paket sdh di terima dg baik ..sungguhpun sampai nya lamaaa sekali..tapi brg nya bagus
F***a,warnanya pas.. sesuai selera aq... lgsg dipake dech
M***a,Kualitas produk sangat bagus. Packaging rapi dan aman. Pengiriman sangat cepat. Best!
Berly,Mantep banget deh pengiriman cepat dan aman.. ğŸ‘ğŸ¤©
a***a,Alhamdulillah sampai dengan aman tanpa kurang satu apapunğŸ˜ semoga lipstiknya bagus waktu dipakai tp bakal beneran bagus sih ini keluaran barunyağŸ˜ğŸ‘ğŸ»
N***a,syedih ga dapet bonus kaya yg lainnya.. ğŸ˜ kmrm semangat beli karena liat review dpt bonus ğŸ¤£
s***a,s***a
Meta,"Suka deh sama kemasannya, cantik dan elegant, semoga cocok dengan wajah saya yah, makasih kak... :)"
Novita,Novita
Arintawati,lipstiknya creamy banget tapi matte..tahan lama dan g cracky sama sekali...sukakğŸ˜
Tera,"suka, tp warnanya kurang bagus, keliatan b aja pdhl udh ngikutin review dr yt :')"
eti,puas bgt belanja ditoko ini
Wiwik,warnanya terang... pengiriman cepat sekali. packing aman
rinrin,rinrin
Ameliaputri,warna nya cakep
B***a,"sesuai pesanan, pengantaran cepat, packingan rapi dan savety goodğŸ‘"
m***i,"Puas banget dapat promo. Ekspired masih jauh. Pengiriman juga cepat. Warna lipstick cantik, tekstur mate tapi ga bikin bibir kering pecah2."
A***a,sumpah suka bgt ğŸ˜ğŸ˜
Sella,"pengiriman cepet banget, packingnya jga cepet, adminnya ramah. makasihh yaa !! sukak bangettt"
Yuda,barang relpic thx tokped dan seller
G***a,oke
Dewi,"baguss, bullet lips unik pk magnet, finishnya gloss di bibir â¤"
F***h,barang sesuai orderan pengiriman cepat terima kasih . . .
Y***i,"barang sudah diterima, terimakasih"
M***a,Makasih makeover dan tokped buat big sale nya senoga sering ada kaya gini ğŸ˜
Irni,mantaaap
Christine,Respon cepat. Packing rapi. Barangnya juga cepat sampai. Terima kasih! Recommended store!
G***y,"terima kasih, barang sudah sampai dengan kondisi yang baik. dikemas dengan baik, pakai kardus dan bubble wrap dan dapat bonus lip liner juga,senangnyaa.... Terima kasih"
D***n,okee gooodddd..
r***r,"cepet datengnya, warnanya soft....ada magneticnya otomatis tertutup...rapi"
Dewi,Wow.. Fast respon skali. Warna lbh tua dari gambar. Tapi Bagus. Kemasan jg Bagus. Packing aman. Thx Gan
Aprilia,"packing aman, barang original, tanggal kadaluarsa masih lama ğŸ‘ğŸ‘ğŸ‘ğŸ‘ğŸ‘ğŸ‘ğŸ‘ğŸ‘ğŸ‘ğŸ‘"
T***a,"Baguss productnyaa, gausah diragukan lagiğŸ‘ŒğŸ»"
vita,"tiga hri sampe denpasar,mendarat dg selamat berkat packing yg baik..tks seller"
Detanti,Proses cepat. Warna bagus2 dan terasa ringan walau dilayer atau dicampur warna lain
P***i,cepet sampai langsung dipakai anak abegeh...malah justru cakeeeo bgt..trmrkh ya
Dyah,"Warna aslinya sedikit lebih tua ya dibanding di foto. ini yg varian FLIRT ya. Nyaman bgt ky berasa ga pakai lipstik, dan ga bikin bibir kering. Packaging lipstiknya bagus pake magnetğŸ˜ Pengiriman cepet bgt! packing super aman pake dus & bubble wrap."
Rayan,"bagus bgt seh ini lipstik ny, nggak trllu matte, tp nggak cepet ilang jg, nyaman dipake, nggak berat"
A***e,bagus bgt. cepat pengirimannya. lagi diskon lumayan bgttt
F***i,"bagus banget nget nget, warnanya cucok"
E***a,gercep & baguuuss
D***i,01 ga sesuai gambar say.. kecewa bgt.
Dru,bagus. suka
Zakiyul,mantap gan. terima kasih.
a***a,"Lipstik tapi finishnya matte gitu deh jadi tidak transferproof dan cepet ilang cuman yha oke lah buat ombre-ombre. Bonus foto bibir biar ga perlu pada nonton swatch youtube dulu. Ini shade Addicted, warna kulit aku medium yellow undertone."
I***i,warnanya bagus bgt
L***a,"orderan semua nya sesuai, pengemasan juga sangat rapih dan terjaga, sampai dengan cepat dan tanpa ada cacat thankssss"
Mahdunidhanumasyahid,"bagus, cepat sampai"
Yosita,sesuai pesanan. terimakasih
w***n,make over ga pernah salah!!!ğŸ¥°
Henny,Ok good
Karimah,cuma beli 1 tapi pakagingnyaa super safe makasii yaaaa
Hidayati,bagus...suka
r***r,"wadahnya keren, ada magnetnya gitu...warna belum dicoba pakai sih...."
Y***i,ok
I***a,mau nya sih bintang 10 ini super syuka..
ella,"paling lembut d antara k empat lipstick yg ku beli. dan ternyaman d antara merk lipstick yg pernah ku coba. 02 Flirt goresan ketiga pada tangan. pesanan benar semua. thanks ,seller."
A***h,syukaaa smuanya...ğŸ¥°
S***a,"pelayanannya ramah, pengiriman kilat, barangnya mantap, harganya pun oke bgttt! terima kasih banyak kak ğŸ’•"
Linawati,"fast respon, good seller, puas banget sama pelayanan dan produknya, top bgt"
E***a,"shade 08 addicted. warnanya nude natural agak pink, bagussss.. ke kulitku yg kuning langsat jatuhnya MLBB, bikin muka seger."
A***a,"Lipstiknya bagus, nggak bikin kering bibir, saya beli warna flirt, baby pink, cocok dipake sehari-hari. Kemasan lipstiknya keren, pake magnet, dan berkesan mewah."
Siti,Nice colour ğŸ‘ğŸ»
Debbie,warnanya beda bgt sama yg d gambar.. gelap. pelayanan ok. pengiriman ok.. cm kecewa lipstiknya di gambar sama aslinya beda bgt
N***n,packing rapi banget biar beli 1 ğŸ¤­
Fanni,no 11 adore. bagus natural di bibir warnanya
Novia,bagus
S***i,ğŸ˜
E***a,"Bagus banget warna nya, MLBB banget, teksturny nyaman dan ringan ga bikin bibir kering, sekali swatch langsung nutupin bibir gelapku, fix bakal dipake daily nih. Pengiriman juga cepet banget, tengkyu yaa"
Festi,"OMG Make Over you've done it again! Ini warnanya bagus banget! Formulanya super nyaman. Seri ini & Bloom Infinite Intense Matte Lip Cream the best banget sih! Pengiriman juga super cepat. Pesan malam, besok siangnya sudah sampai. Goks banget! â¤ï¸"
Namika,"Terima kasih atas Respon Penjual yg baik, Product yg sesuai(warna No.5 : Scandal = lebih gelap drpd yg d bayangkan ya...jadi cukuplah pakai'nya tipis2 ajağŸ˜Š)+ terima kasih juga atas pengiriman yg cepatğŸ™ğŸ»ğŸ˜Š"
H***a,the color is just perfect
Dyeno,Welldone Boss.. Semoga Lapaknya Laris dan Lancar Jaya..
Rury,bagus bgt bgt bkal langganan
Navigha,Cepet Banget cuma sayang salah shadeğŸ˜­
Siti,Pengiriman cepat ...
Elfin,bagus.. sesuai pesanan dan deskripsi pada produk.. terima kasih banyak....ğŸ¥°ğŸ˜ğŸ¥³
Silvia,mon maaf ya..ini napa warna referensi dan realnya bedanya jauhhh bgttttt..ud 3x beli lipstik merk Make over warna yg soft tp aslinya smua gelappp gelappp...pengiriman sich cepet bgttt..packing juga ketchee...
Adinda,luv this one â¤ï¸
Naomi,Naomi
Renny,"pengiriman cepat dan packingnya juga rapi. warnanya ok, cuma lipstiknya ternyata transferproof, tidak seperti yg ditulis di deskripsi (bisa dilihat transfernya pada foto)."
M***a,bagus lipstiknya. trimakasih
m***l,"paking nya rapi,barang aman sampai tujuan,respon cepat..."
Isa,bagus bgt warnanya. luv
Rizki,Rizki
Rayan,"barang udh smp, wrn ny aq suka"
lawra,lawra
N***i,"pengiriman cepat , wishlist dari lama baru kesampaian hehe dpate harga murmer krna dpat voucher diskon.. terima kasih Make Over"
A***a,"cepet banget sampainya, expired masi lama, tq seller"
Melcyana,"makasiiih..langsung kirim ga pake lama, warna sesuai order, exp masih lama, diskon jugaaa..lengkaaaap :)"
S***a,"packing sangat rapi, warnanya cakep"
Silvia,"stlh oles ke tangan kiri sy cb tepuk pk telapak kanan saya, nyeplak ya ke telapak yg kanan..artinya ke masker juga..brarti hrs beli yg khusus..yg gak transfer lipstiknya..klo type ini msh kyknya..jd hrs ditepuk2 pk tisu dulu br pk masker biar gak transfer ke masker lipstiknya"
Rachmawati,bagus warnanya
Longga,Longga
Longga,Longga
F***a,"Proses cepat, thx"
C***a,"bagus bangeet, gak bikin bibir kering. kalau untuk bibir yg gelap ini kurang cocok karna warna yg keluar jadi orange. tapi untuk produknya bagus bangeet. next order shade yg agak gelap nya deh"
Lia,Pengiriman andalan.. Produk original dan warnanya sesuai yg aku mau. . Cocok buat sehari2
V***a,"respon & pengiriman cepat, packing aman. warna cantik, cuma agak sedikit lebih gelap.. thanks seller ğŸ˜Š"
Sendy,lipstik favorit ..pengiriman jg cepat ..ğŸ˜˜
S***a,Puassss bangett.. Ga nyangkaa bakalan nyampe secepat ini.. Pokoknya mantulll
Risda,bagusss
Nissa,bagus
A***i,Lipstik nya oke bgt
khairul,terima kasih
w***i,puas n ori sekali barangnya
I***i,"sukaaa bangett sama warnanyağŸ˜„ pengirimannya cepet, packagingnya juga aman pake bubble wrap, kerdusnya gede mantap lah. terima kasih^^"
N***i,warna sangat2 beda dari katalog. lebih tua Â±3 tingkat dari warna aslinya. untung masih cocok di wajah ku.
Tania,nice
tizi,make over produk yg bagus..
Toppers32427214,barang sesuai pesanan.packing jg rapi n aman.makasih seller
Yuni,muantuuuulll
Yusnita,i absolutely loved the colors..... thx make over
Ika,"03 allure, ternyata masih agak muda, yg 12 magnet ok"
Alpi,Produk OK bngt
A***e,Sip... Okee...
Evi,"Mantap gaess, packing super rapihh ğŸ’ƒ"
Widya,Expired masih lama bagus
Dinar,"ternyata warna pink nya lebih terang dari foto di iklan, di luar ekspektasi hiks, kemasannya bagus kaya ada magnetnya gitu.,pengiriman Sampai 2 hari,btw tq reseller."
Stephanie,"packing tebal, barang bagus, pengiriman agak sedikit lama."
uji,"Pessn yang scandal tp yang dateng flirt tp gpp si, tapi sayang aja pengen nyoba yang scandal"
s***i,"produk bagus bangett ,makasih"
Kumala,"Bagus sekali, matte tp tdk kering di bibir."
Nurul,"suka bgt sama teksturnya yg gak bikin bibir kering, warnanya super cantik dan mudah di aplikasikan. love!"
Ade,Bagus bgt.. sukaaaa
R***a,"Puas bangettttt.... barangnya ori, bagus, ada diskon, ada cashback juga. Ya ampun ini toko terkeren sih. Luar biasa ğŸ˜"
v***a,very good! warnanya sesuai.. thanks make over!
buleee,Terima kasiiiiiih... bagusss sesuai dengan apa yang saya pesaaaan... â¤ï¸â¤ï¸â¤ï¸â¤ï¸â¤ï¸â¤ï¸â¤ï¸
Dian,pesanan sesuai suka banget pengiriman juga cepat
Irmania,bagusss bangettt
Nurul,"Superb sukaa banget bullet lipstik Make Over yg ini ğŸ¥° Uda diskon dapet potongan 20k, gratis ongkir pula dan OMG ini paket kurang dr 24 jam udah sampe di Sumedang dooong, pengiriman nya dr Tanggerang!!! Luar biasa emang Sicepat. Thankyou Make Over and Tokopedia ğŸ’•"
D***i,bagusss harga nya bagus jg produknya. warna malva sm adore hmpr mirip beda 1 tone aja guys. kedua nya cakepp bgt buat yg carii buat daily yaa
heni,Untuk kesekian x nya beli liptic disini warnanya sungguh menawan.. Terima Kasih
O***a,"bagus sih cm di bibir yg gelap dan kulit yg sawo mateng agak pucet jatuhnya, pas bgt hasilnya kalo di ombre sm yg hypnotic no 4. packing jg aman pake bubble wrap dan kardus."
O***a,"packingnya niat, buble wrap full, jadi aman. produknya memuaskan sukaaa banget."
h***i,sudah sampai.lgi pengiriman nya cepat bgt'' suka bgt sama warna nya enak di nibir gak bikin bibir kering... saking suka nya baru sampai paket langsung beli lagi hehe
Sendy,lipstiknya bagus
h***i,sudah sampe cepat bgt mksh ya ''
S***h,Puas bgt barangnya cpet sampai and no defect
Metanucci,in love with Make Over products!!!!!!!!â¤ï¸â¤ï¸â¤ï¸â¤ï¸
M***i,"Barang sampai dengan selamat tanpa ada kerusakan atau kekurangan. Warna Adore 11 Bagus di saya. Pengiriman sangat cepat, checkout sore sekitar mau Maghrib malemnya udah dikirim dong ğŸ˜­ Terbaik pokoknya.Bapak kurir baik."
heni,"Produk ok, smg cocok dipakai & tidak kering di bibir.. Terima kasih.."
Suci,Baguuus..
E***r,"warna lipstick 07, jatuhnya warna bibir glossy, cepet banget pengirimannya, dapet bonus masker... sipplahh"
L***a,tempat lipsticknya bagus. cepat sampainya.
R***a,"Bagus banget warnanya, suka."
Linda,"bagusss tp warna yg addicted no8 lebih ke pink"" gt"
Imee,"baguss, sukaa, mantulll ğŸ˜"
C***p,nice produk
A***a,"pesan malem, sore udah dateng..warnanya juga cantik ğŸ¥°ğŸ¥°"
Anne,"Duh MakeOver beneran bikin galau... cakep banget ini lipstick yg bisa setting matte.. syuka banget.. tapi sayangnya warna yg saya suka hanya 2 jenis, tapi its okay lah.. thank makeover!"
Dyah,"Apa deh, cepet bener nyampenyaaaaa. Hahaha. Order Minggu malem, kirain bakal sampe Slasa pagi, ga taunya Senin udh sampe. Hebat!! Produk MAKEOVER pertama nih, suka banget, utamanya yg Adore (#11). Tapi yg Charm (#1) jg lucu meski terlalu pink bwt warna kulitku. Tetep bakal dipake. Mattenya nyaman dipake, beneran gak bikin kering. 5star, jelas! Kapan2 bikin yg versi glossy/oily, ya. Trimakasih lagiiii. Sukses selalu!"
Zerahiah,Atas : Adore Bawah : temptation kereeennn warna nya cakep cakep... packaging bubble wrap n kardus... sampe nya cepet bgtttt... lipstik nya juga bagus tmpt nya pakai magnet dan berat... luxury bgt dhe...
