Nama Produk,Jumlah Produk,Harga Jual,Rating Produk,Nama Akun,Rating Pengguna,Ulasan Produk
MAKE OVER Blush On Single 6 g - Blush On - 03 Prom Peach,Terjual 6 rb+,Rp88.400,4.9,v***y,bintang 5,selalu suka sama produk2 make over. pelayanan nya juga bagus. terima kasih
MAKE OVER Blush On Single 6 g - Blush On - 03 Prom Peach,Terjual 6 rb+,Rp88.400,4.9,R***l,bintang 5,"barang oke, kualitas oke"
MAKE OVER Blush On Single 6 g - Blush On - 03 Prom Peach,Terjual 6 rb+,Rp88.400,4.9,Dwi,bintang 5,"Terima kasih, packing aman, barang sesuai pesanan dan dapat bonus gift dari Make Over ü•∞ü•∞"
MAKE OVER Blush On Single 6 g - Blush On - 03 Prom Peach,Terjual 6 rb+,Rp88.400,4.9,Ade,bintang 5,top
MAKE OVER Blush On Single 6 g - Blush On - 03 Prom Peach,Terjual 6 rb+,Rp88.400,4.9,maya,bintang 5,aman..bungkusnya luar biasa..diwrapping dan dimasukkin kardus lagi.jd aman
MAKE OVER Blush On Single 6 g - Blush On - 03 Prom Peach,Terjual 6 rb+,Rp88.400,4.9,Bhavna,bintang 5,"respons, proses dan pengiriman cepat barang yg datang sesuai dengan pesanan terima kasih, sukses dan sehat selalu... Tuhan Yesus memberkati"
MAKE OVER Blush On Single 6 g - Blush On - 03 Prom Peach,Terjual 6 rb+,Rp88.400,4.9,P***t,bintang 5,P***t
MAKE OVER Blush On Single 6 g - Blush On - 03 Prom Peach,Terjual 6 rb+,Rp88.400,4.9,jeklin,bintang 5,barang sampai selamat sampai tujuan mantap . shadenya cocok bgt dikulit aku aaaaaa thx seller
MAKE OVER Blush On Single 6 g - Blush On - 03 Prom Peach,Terjual 6 rb+,Rp88.400,4.9,S***i,bintang 5,"warna sesuai, tekstur lembut"
MAKE OVER Blush On Single 6 g - Blush On - 03 Prom Peach,Terjual 6 rb+,Rp88.400,4.9,R***u,bintang 5,Cakeps
MAKE OVER Blush On Single 6 g - Blush On - 03 Prom Peach,Terjual 6 rb+,Rp88.400,4.9,Oren,bintang 5,berry good and awesome üòé
MAKE OVER Blush On Single 6 g - Blush On - 03 Prom Peach,Terjual 6 rb+,Rp88.400,4.9,E***i,bintang 5,good..
MAKE OVER Blush On Single 6 g - Blush On - 03 Prom Peach,Terjual 6 rb+,Rp88.400,4.9,Yunita,bintang 5,bagus
MAKE OVER Blush On Single 6 g - Blush On - 03 Prom Peach,Terjual 6 rb+,Rp88.400,4.9,Airin,bintang 5,ini sih udah repurchase berkali¬≤. cocok banget buat warm undertone
MAKE OVER Blush On Single 6 g - Blush On - 03 Prom Peach,Terjual 6 rb+,Rp88.400,4.9,Arief,bintang 5,Sesuai dengan pesanan.. proses cepat.. terima kasih üëçüèΩ
MAKE OVER Blush On Single 6 g - Blush On - 03 Prom Peach,Terjual 6 rb+,Rp88.400,4.9,D***n,bintang 5,warnanya cantik
MAKE OVER Blush On Single 6 g - Blush On - 03 Prom Peach,Terjual 6 rb+,Rp88.400,4.9,Maria,bintang 5,Thank u
MAKE OVER Blush On Single 6 g - Blush On - 03 Prom Peach,Terjual 6 rb+,Rp88.400,4.9,R***a,bintang 5,"pigmented dan tahan lama, saya suka"
MAKE OVER Blush On Single 6 g - Blush On - 03 Prom Peach,Terjual 6 rb+,Rp88.400,4.9,D***h,bintang 5,warnanya cocok utk warna kulitkuu thankyou
MAKE OVER Blush On Single 6 g - Blush On - 03 Prom Peach,Terjual 6 rb+,Rp88.400,4.9,adyattamachya,bintang 5,"Bahannya ringan, dan shade blush nya tidak terlalu mencolok, dan sudah include sama brushnya"
MAKE OVER Blush On Single 6 g - Blush On - 03 Prom Peach,Terjual 6 rb+,Rp88.400,4.9,Ananda,bintang 5,cakep deh mana dapet bonusan kuas juga.. kuas make over.. mksh yaa
MAKE OVER Blush On Single 6 g - Blush On - 03 Prom Peach,Terjual 6 rb+,Rp88.400,4.9,L***a,bintang 5,"warnanya cantik banget, cocok untuk semua skintone."
MAKE OVER Blush On Single 6 g - Blush On - 03 Prom Peach,Terjual 6 rb+,Rp88.400,4.9,rahma,bintang 5,setelah sekian purnama menunggu akhirnya datang juga blush on aku.co tgl 2 baru sampai rumah tgl 10.beli sekalian eye sahdow berharap dapat gratis apa gt eh ga dapet.belum rejeki.exp 2026.barang sesuai.packing oke.barang aman.
MAKE OVER Blush On Single 6 g - Blush On - 03 Prom Peach,Terjual 6 rb+,Rp88.400,4.9,Tri,bintang 5,warnanya oke banget
MAKE OVER Blush On Single 6 g - Blush On - 03 Prom Peach,Terjual 6 rb+,Rp88.400,4.9,Vivianti,bintang 5,"Paket telah diterima dengan baik dan sesuai pesanan. Packingan aman rapih. Pelayanan ramah. Terima kasih Make Over, Tokopedia dan mas kurir."
MAKE OVER Blush On Single 6 g - Blush On - 03 Prom Peach,Terjual 6 rb+,Rp88.400,4.9,Lora,bintang 4,Warnanya ternyata lebih pink daripada gambarnya. Kukira bakalan lebih bata
MAKE OVER Blush On Single 6 g - Blush On - 03 Prom Peach,Terjual 6 rb+,Rp88.400,4.9,R***y,bintang 5,"Brg diterima dgn baik, packaging rapi dan aman, barang original dan berkualitas, warna bagus."
MAKE OVER Blush On Single 6 g - Blush On - 03 Prom Peach,Terjual 6 rb+,Rp88.400,4.9,Nila,bintang 5,"Sangat pigmented dan teksturnya halus. Seperti biasa, kalau beli powder-based makeup di Makeover memang bagus kualitasnya."
MAKE OVER Blush On Single 6 g - Blush On - 03 Prom Peach,Terjual 6 rb+,Rp88.400,4.9,Sarinih,bintang 4,Cantik warnanya
MAKE OVER Blush On Single 6 g - Blush On - 03 Prom Peach,Terjual 6 rb+,Rp88.400,4.9,Maria,bintang 5,Pretty color. Thank u
MAKE OVER Blush On Single 6 g - Blush On - 03 Prom Peach,Terjual 6 rb+,Rp88.400,4.9,T***i,bintang 5,bagus.. sesuai gambar
MAKE OVER Blush On Single 6 g - Blush On - 03 Prom Peach,Terjual 6 rb+,Rp88.400,4.9,Aulia,bintang 5,Aulia
MAKE OVER Blush On Single 6 g - Blush On - 03 Prom Peach,Terjual 6 rb+,Rp88.400,4.9,Y***i,bintang 5,Recomended
MAKE OVER Blush On Single 6 g - Blush On - 03 Prom Peach,Terjual 6 rb+,Rp88.400,4.9,N***e,bintang 5,N***e
MAKE OVER Blush On Single 6 g - Blush On - 03 Prom Peach,Terjual 6 rb+,Rp88.400,4.9,V***a,bintang 5,"warnanya bagusss... tidak tua, dan juga tidak kemudaann üíóüíó trmksh.."
MAKE OVER Blush On Single 6 g - Blush On - 03 Prom Peach,Terjual 6 rb+,Rp88.400,4.9,E***a,bintang 3,So so
MAKE OVER Blush On Single 6 g - Blush On - 03 Prom Peach,Terjual 6 rb+,Rp88.400,4.9,Iriana,bintang 5,Iriana
MAKE OVER Blush On Single 6 g - Blush On - 03 Prom Peach,Terjual 6 rb+,Rp88.400,4.9,cece,bintang 5,Alhamdulillah paket nyampai dg aman
MAKE OVER Blush On Single 6 g - Blush On - 03 Prom Peach,Terjual 6 rb+,Rp88.400,4.9,Agnes,bintang 5,yg blush sebelumnya awet banget 2 bln baru habis padahal pakai sehari2 ke kantor. semoga yg ini awet jg ‚ù§Ô∏è
MAKE OVER Blush On Single 6 g - Blush On - 03 Prom Peach,Terjual 6 rb+,Rp88.400,4.9,Vera,bintang 5,Vera
MAKE OVER Blush On Single 6 g - Blush On - 03 Prom Peach,Terjual 6 rb+,Rp88.400,4.9,R***y,bintang 5,"Belanja pas live, dapat harga paling murah ‚ù§Ô∏è‚ù§Ô∏è‚ù§Ô∏è"
MAKE OVER Blush On Single 6 g - Blush On - 03 Prom Peach,Terjual 6 rb+,Rp88.400,4.9,R***i,bintang 5,mendarat dengan sempurna
MAKE OVER Blush On Single 6 g - Blush On - 03 Prom Peach,Terjual 6 rb+,Rp88.400,4.9,dio,bintang 5,Barang sesuai üëçüëç
MAKE OVER Blush On Single 6 g - Blush On - 03 Prom Peach,Terjual 6 rb+,Rp88.400,4.9,karina,bintang 5,bagus.. warnanya sekali usap langsung keluar..bakalan koleksi make over lainnya..
MAKE OVER Blush On Single 6 g - Blush On - 03 Prom Peach,Terjual 6 rb+,Rp88.400,4.9,Ivy,bintang 5,"Ini pembelian kedua. Suka banget dengan blush on powder ini dan terutama warnanya. tahan cukup lama jadi ngak terlalu harus sering-sering touch up. aku juga suka mix dengan blush on stick, jadi lebih tahan lama lagi. response seller cukup cepat dan pengiriman selalu aman dalam box-nya plus bubble wrap. rekomen buat yang doyan blush on."
MAKE OVER Blush On Single 6 g - Blush On - 03 Prom Peach,Terjual 6 rb+,Rp88.400,4.9,Martinah,bintang 3,"Produk berantakan, kemasannya jadi kotor."
MAKE OVER Blush On Single 6 g - Blush On - 03 Prom Peach,Terjual 6 rb+,Rp88.400,4.9,F***a,bintang 5,"bagus banget emang produknya make over, gk diragukan lagi. dan baik banget sampai digratisin produk terbarunya make over. the best pokona"
MAKE OVER Blush On Single 6 g - Blush On - 03 Prom Peach,Terjual 6 rb+,Rp88.400,4.9,A***a,bintang 5,Gernas BBI sendiri merupakan program pemerintah yang bertujuan memfasilitasi pengembangan ekosistem UMKM berbasis digital agar bisa lebih maju.
MAKE OVER Blush On Single 6 g - Blush On - 03 Prom Peach,Terjual 6 rb+,Rp88.400,4.9,E***a,bintang 5,E***a
MAKE OVER Blush On Single 6 g - Blush On - 03 Prom Peach,Terjual 6 rb+,Rp88.400,4.9,ataprumah,bintang 5,"bagus bgt,dateng nya ga pecah samsek,terus dapet harga murah huhu,kirain bakal exp ny cepat rupanya 2026,suka bgtü´∂üèªüíó"
MAKE OVER Blush On Single 6 g - Blush On - 03 Prom Peach,Terjual 6 rb+,Rp88.400,4.9,Nurul,bintang 5,"ori8, oke keren"
MAKE OVER Blush On Single 6 g - Blush On - 03 Prom Peach,Terjual 6 rb+,Rp88.400,4.9,Luxi,bintang 5,ok
MAKE OVER Blush On Single 6 g - Blush On - 03 Prom Peach,Terjual 6 rb+,Rp88.400,4.9,R***p,bintang 5,"Repurchaseddd, awet bgt pake ini hampir 2 bulan baru habis ü´∂üèª sesuka itu sama makeover, selalu jd makeup kesayangan. Thankyouuu ü•∞"
MAKE OVER Blush On Single 6 g - Blush On - 03 Prom Peach,Terjual 6 rb+,Rp88.400,4.9,P***i,bintang 5,"kardus nya agak penyok dan sedikit terbuka, tp untungnya blush on yg di dalam gak retak."
MAKE OVER Blush On Single 6 g - Blush On - 03 Prom Peach,Terjual 6 rb+,Rp88.400,4.9,noor,bintang 4,"kaget ya pas liat paketx kok dah rusak n kebuka ( robek dr samping ) , mw komplen k kurir jg ga bsa krn yg nerima paket adlh orng rmh pas aq lg krj ü•≤ü•≤jd mikir jgn2 di tuker ma orng kurir üò≠üò≠üò≠tp moga aj engga yaü´£lain kali tlng di kemas lebih rapi biar ga gampng rusak paketx"
MAKE OVER Blush On Single 6 g - Blush On - 03 Prom Peach,Terjual 6 rb+,Rp88.400,4.9,B***B,bintang 5,"Hari Minggu tidak ada pengiriman, jadi menunggu sampai Senin. Pengemasan baik. Chat direspon dengan baik."
MAKE OVER Blush On Single 6 g - Blush On - 03 Prom Peach,Terjual 6 rb+,Rp88.400,4.9,d***a,bintang 5,"Warna bagus, packing rapi, pengiriman cepat"
MAKE OVER Blush On Single 6 g - Blush On - 03 Prom Peach,Terjual 6 rb+,Rp88.400,4.9,Rizka,bintang 5,"barang ok banget, parah di pengiriman sampai 10harian lebih"
MAKE OVER Blush On Single 6 g - Blush On - 03 Prom Peach,Terjual 6 rb+,Rp88.400,4.9,Anisa,bintang 5,"mantul banget warnanya,pigmented... always suka sama makeover"
MAKE OVER Blush On Single 6 g - Blush On - 03 Prom Peach,Terjual 6 rb+,Rp88.400,4.9,M***i,bintang 5,cocok unt kulit kering dan ringan dipakainya
MAKE OVER Blush On Single 6 g - Blush On - 03 Prom Peach,Terjual 6 rb+,Rp88.400,4.9,Kim,bintang 3,warna yang tidak suka
MAKE OVER Blush On Single 6 g - Blush On - 03 Prom Peach,Terjual 6 rb+,Rp88.400,4.9,V***e,bintang 1,Sudah 2 kali saya pesan disini dan selalu datangnya sudah rusak dan hancur.
MAKE OVER Blush On Single 6 g - Blush On - 03 Prom Peach,Terjual 6 rb+,Rp88.400,4.9,mayang,bintang 5,keren
MAKE OVER Blush On Single 6 g - Blush On - 03 Prom Peach,Terjual 6 rb+,Rp88.400,4.9,Hilma,bintang 5,terima kasih
MAKE OVER Blush On Single 6 g - Blush On - 03 Prom Peach,Terjual 6 rb+,Rp88.400,4.9,j***i,bintang 5,Warnanya cocok untuk yg memiliki kulit sawo matang
MAKE OVER Blush On Single 6 g - Blush On - 03 Prom Peach,Terjual 6 rb+,Rp88.400,4.9,P***e,bintang 5,"kurirnya bertanggung jawabüëç, produk sesuai deskripsi dan pesanan, harga promo, free ongkir, dipacking dengan aman dan rapi, expired produk 2026, produk diterima dalam keadaan baru dan tanpa cacat. Terima kasih Make Over dan Topedüôèditunggu selalu promonyaü§©"
MAKE OVER Blush On Single 6 g - Blush On - 03 Prom Peach,Terjual 6 rb+,Rp88.400,4.9,Cista,bintang 5,"Seneng banget! seneng banget! packaging aman, barang sesuai pesanan, pengiriman pas, ga lama, dan dapat bonus make up brush! Seneng banget! Terima kasih Make Over!"
MAKE OVER Blush On Single 6 g - Blush On - 03 Prom Peach,Terjual 6 rb+,Rp88.400,4.9,Ismiyanti,bintang 5,Ismiyanti
MAKE OVER Blush On Single 6 g - Blush On - 03 Prom Peach,Terjual 6 rb+,Rp88.400,4.9,Livia,bintang 5,"Warnanya baguss banget, pengiriman aman üëçüèª"
MAKE OVER Blush On Single 6 g - Blush On - 03 Prom Peach,Terjual 6 rb+,Rp88.400,4.9,Victor,bintang 5,pas
MAKE OVER Blush On Single 6 g - Blush On - 03 Prom Peach,Terjual 6 rb+,Rp88.400,4.9,Dewi,bintang 5,"Rekomendet Seller, udh langganan beli di toko ini...."
MAKE OVER Blush On Single 6 g - Blush On - 03 Prom Peach,Terjual 6 rb+,Rp88.400,4.9,densy,bintang 5,sukak.
MAKE OVER Blush On Single 6 g - Blush On - 03 Prom Peach,Terjual 6 rb+,Rp88.400,4.9,Amyyhkm,bintang 3,Terlalu pucat buat mulit sawo matang
MAKE OVER Blush On Single 6 g - Blush On - 03 Prom Peach,Terjual 6 rb+,Rp88.400,4.9,T***a,bintang 5,Respin seller sangat baik dan barang berkualitas prima serta halal
MAKE OVER Blush On Single 6 g - Blush On - 03 Prom Peach,Terjual 6 rb+,Rp88.400,4.9,Endah,bintang 5,barang sesuai pesanan pengiriman cepat packing rapi
MAKE OVER Blush On Single 6 g - Blush On - 03 Prom Peach,Terjual 6 rb+,Rp88.400,4.9,Tri,bintang 5,warnanya sesuai
MAKE OVER Blush On Single 6 g - Blush On - 03 Prom Peach,Terjual 6 rb+,Rp88.400,4.9,Christiana,bintang 5,blush on cerah dan size nya sesuai untuk disimpan dalam tas saya. tq seller.
MAKE OVER Blush On Single 6 g - Blush On - 03 Prom Peach,Terjual 6 rb+,Rp88.400,4.9,N***e,bintang 5,"bagus sesuai pesanan, packingan aman"
MAKE OVER Blush On Single 6 g - Blush On - 03 Prom Peach,Terjual 6 rb+,Rp88.400,4.9,Irna,bintang 5,sesuai deskripsi makasi
MAKE OVER Blush On Single 6 g - Blush On - 03 Prom Peach,Terjual 6 rb+,Rp88.400,4.9,Derry,bintang 5,warna bagus sesuai foto produk blom coba
MAKE OVER Blush On Single 6 g - Blush On - 03 Prom Peach,Terjual 6 rb+,Rp88.400,4.9,majesty,bintang 5,"produk bagus , pengiriman cepat"
MAKE OVER Blush On Single 6 g - Blush On - 03 Prom Peach,Terjual 6 rb+,Rp88.400,4.9,Emma,bintang 5,"Adminnya baik banget,fast delivery, packingnya amannnn, semoga cocok, thx bonusnya min üòç"
MAKE OVER Blush On Single 6 g - Blush On - 03 Prom Peach,Terjual 6 rb+,Rp88.400,4.9,Nita,bintang 5,packing super aman pke bubble warp ada krdus nya jga gede pdhl brng nya kcilü§£ bagus suka next packing nya jngn brubah ya
MAKE OVER Blush On Single 6 g - Blush On - 03 Prom Peach,Terjual 6 rb+,Rp88.400,4.9,afif,bintang 5,Hasil akhir bagus
MAKE OVER Blush On Single 6 g - Blush On - 03 Prom Peach,Terjual 6 rb+,Rp88.400,4.9,R***a,bintang 5,Senangnya dapat bonus.
MAKE OVER Blush On Single 6 g - Blush On - 03 Prom Peach,Terjual 6 rb+,Rp88.400,4.9,lisna,bintang 5,mantappppp
MAKE OVER Blush On Single 6 g - Blush On - 03 Prom Peach,Terjual 6 rb+,Rp88.400,4.9,afri,bintang 5,packing sangat baik barang sampai dengan keadaan baiküëå
MAKE OVER Blush On Single 6 g - Blush On - 03 Prom Peach,Terjual 6 rb+,Rp88.400,4.9,S***a,bintang 5,"warna nya cantik, ga terlalu menor, blm dicoba, brg original, packing aman bgt walaupun beli 1 pake dus dan bubble, pengiriman standar"
MAKE OVER Blush On Single 6 g - Blush On - 03 Prom Peach,Terjual 6 rb+,Rp88.400,4.9,Efrine,bintang 5,dapet free spongeüòçüòç
MAKE OVER Blush On Single 6 g - Blush On - 03 Prom Peach,Terjual 6 rb+,Rp88.400,4.9,k***a,bintang 5,sesuai pesanan
MAKE OVER Blush On Single 6 g - Blush On - 03 Prom Peach,Terjual 6 rb+,Rp88.400,4.9,Galuh,bintang 5,"Barang sampai dengan selamat dan aman. Pengiriman cepat. Untuk packing selalu suka dengan packing make over karena selalu niat. Produk blush on nya warnanya aslinya nimbul banget, tapi di kamera emang gak terlalu keliatan. Overall oke"
MAKE OVER Blush On Single 6 g - Blush On - 03 Prom Peach,Terjual 6 rb+,Rp88.400,4.9,Rima,bintang 5,mantap..dapet bonus....
MAKE OVER Blush On Single 6 g - Blush On - 03 Prom Peach,Terjual 6 rb+,Rp88.400,4.9,icha,bintang 5,alhamdulillah beli 4 produk di kasih matte blusher nya dong ü•∞ü•∞ makasih make over ü•∞ maap videonya pake video yang buat laporan ke suami üòÅüòÖü§£
MAKE OVER Blush On Single 6 g - Blush On - 03 Prom Peach,Terjual 6 rb+,Rp88.400,4.9,S***y,bintang 5,Okeeeeeeee
MAKE OVER Blush On Single 6 g - Blush On - 03 Prom Peach,Terjual 6 rb+,Rp88.400,4.9,Victor,bintang 5,cepat baik
MAKE OVER Blush On Single 6 g - Blush On - 03 Prom Peach,Terjual 6 rb+,Rp88.400,4.9,Zelika,bintang 5,"Hadiah buat temen, pengiriman aman dan warna sangat cocok ke temenku yang putih."
MAKE OVER Blush On Single 6 g - Blush On - 03 Prom Peach,Terjual 6 rb+,Rp88.400,4.9,L***a,bintang 5,"barang ok, pengiriman cepat"
MAKE OVER Blush On Single 6 g - Blush On - 03 Prom Peach,Terjual 6 rb+,Rp88.400,4.9,Fenny,bintang 5,"Membaca beberapa review yg complain blush on-nya sampai dalam keadaan hancur, sempat buat saya ragu untuk beli. Untungnya semua sampai dalam keadaan baik, dikemas bubble wrap tebal, tidak ada yang retak sama sekali. Saya cukup kaget liat warna asli Pink Fantasist, sesuai namanya yg lebih mirip Fanta. Pinknya cenderung ke ungu, cocok untuk kulit sawo matang. Kulit saya sendiri kuning langsat, pakai sedikiiit saja sudah terlihat warnanya. Saya lebih suka Promiscous Peach, di pipi warnanya lebih terlihat natural pink."
MAKE OVER Blush On Single 6 g - Blush On - 03 Prom Peach,Terjual 6 rb+,Rp88.400,4.9,Cen,bintang 5,Good üëçüèª
MAKE OVER Blush On Single 6 g - Blush On - 03 Prom Peach,Terjual 6 rb+,Rp88.400,4.9,Yaya,bintang 5,Good product
MAKE OVER Blush On Single 6 g - Blush On - 03 Prom Peach,Terjual 6 rb+,Rp88.400,4.9,ida,bintang 5,bagus warna pinknya
MAKE OVER Blush On Single 6 g - Blush On - 03 Prom Peach,Terjual 6 rb+,Rp88.400,4.9,Abigail,bintang 5,2x order. Never disappointed. Fast response. On time delivery. And the color and quality as expected. Light texture but stayed on for hours very worthed with the price. Will order the full pallet next month for sure
MAKE OVER Blush On Single 6 g - Blush On - 03 Prom Peach,Terjual 6 rb+,Rp88.400,4.9,Iskandar,bintang 5,makasih bonusnya ‚ò∫üòäü•∞
MAKE OVER Blush On Single 6 g - Blush On - 03 Prom Peach,Terjual 6 rb+,Rp88.400,4.9,Elli,bintang 5,Alhamdulillah sudah sampai dengan swlamat barang nya ...
MAKE OVER Blush On Single 6 g - Blush On - 03 Prom Peach,Terjual 6 rb+,Rp88.400,4.9,Mamiek,bintang 5,"Sdh sanpai paketnya, sesuai pesanan, tepat waktu. Biasa pakai ini"
MAKE OVER Blush On Single 6 g - Blush On - 03 Prom Peach,Terjual 6 rb+,Rp88.400,4.9,Jane,bintang 5,Luv üòç‚ù§Ô∏è
MAKE OVER Blush On Single 6 g - Blush On - 03 Prom Peach,Terjual 6 rb+,Rp88.400,4.9,Riska,bintang 3,chatt sm konsultannya minta direkomendasiin wrna kecoklatan yg mana trs dipilihan yg no.6 carr sunset. trnyata asli warnanya jauh dr kecoklatan mlh lebih terang ke arah merah. yaa gitulah resiko beli online wrn asli akn jauh beda dr foto jg. agak kecewa sm mbakny yg ngerekomendasiin
MAKE OVER Blush On Single 6 g - Blush On - 03 Prom Peach,Terjual 6 rb+,Rp88.400,4.9,M***y,bintang 1,blush on di terima dlm keadaan hancur krn tdk di packing dgn rapi
MAKE OVER Blush On Single 6 g - Blush On - 03 Prom Peach,Terjual 6 rb+,Rp88.400,4.9,h***i,bintang 5,"packingnya aman sampai rmh ga ada yg rusak, admin jg gercep, dan kualitas barang udh pd tau lah yaaa memang makeover itu slalu baguuussss üëçüëçüëç"
MAKE OVER Blush On Single 6 g - Blush On - 03 Prom Peach,Terjual 6 rb+,Rp88.400,4.9,Rubi,bintang 5,"Alhamdulillah, sesuai pesanan dan dapat bonus ultra hi matte lipstick makasih banyak makeover"
MAKE OVER Blush On Single 6 g - Blush On - 03 Prom Peach,Terjual 6 rb+,Rp88.400,4.9,D***n,bintang 4,Produk sih bagus banget! cuma tolong untuk packing pengirimannya perlu diperbaiki!
MAKE OVER Blush On Single 6 g - Blush On - 03 Prom Peach,Terjual 6 rb+,Rp88.400,4.9,M***a,bintang 5,huhu seneng bgt bagus
MAKE OVER Blush On Single 6 g - Blush On - 03 Prom Peach,Terjual 6 rb+,Rp88.400,4.9,Yanti,bintang 5,terimakasih
MAKE OVER Blush On Single 6 g - Blush On - 03 Prom Peach,Terjual 6 rb+,Rp88.400,4.9,I***a,bintang 5,üëçüëçüëçüëç
MAKE OVER Blush On Single 6 g - Blush On - 03 Prom Peach,Terjual 6 rb+,Rp88.400,4.9,D***n,bintang 5,üëçüëç
MAKE OVER Blush On Single 6 g - Blush On - 03 Prom Peach,Terjual 6 rb+,Rp88.400,4.9,P***a,bintang 5,aman
MAKE OVER Blush On Single 6 g - Blush On - 03 Prom Peach,Terjual 6 rb+,Rp88.400,4.9,I***e,bintang 5,"Oren ya, pakeny dikit aja, pigmented banget"
MAKE OVER Blush On Single 6 g - Blush On - 03 Prom Peach,Terjual 6 rb+,Rp88.400,4.9,B***a,bintang 5,7 pesanan makeup.. smua produk dri make over... termuran belanja di tokped dibanding toko lain.... thankyouuu... suka produknya makeoverüëçüëçüëç
MAKE OVER Blush On Single 6 g - Blush On - 03 Prom Peach,Terjual 6 rb+,Rp88.400,4.9,yusuf,bintang 5,bintang aja yang bicara
MAKE OVER Blush On Single 6 g - Blush On - 03 Prom Peach,Terjual 6 rb+,Rp88.400,4.9,T***y,bintang 5,favorit üëçüèª
MAKE OVER Blush On Single 6 g - Blush On - 03 Prom Peach,Terjual 6 rb+,Rp88.400,4.9,Y***a,bintang 5,"sesuai deslripsi, barang oroginal, ada bonus compact powder kecil"
MAKE OVER Blush On Single 6 g - Blush On - 03 Prom Peach,Terjual 6 rb+,Rp88.400,4.9,N***A,bintang 5,N***A
MAKE OVER Blush On Single 6 g - Blush On - 03 Prom Peach,Terjual 6 rb+,Rp88.400,4.9,Prita,bintang 5,"warnanya pas banget yang saya suka, berkat arahan consultant make up nya, terima kasih"
MAKE OVER Blush On Single 6 g - Blush On - 03 Prom Peach,Terjual 6 rb+,Rp88.400,4.9,N***A,bintang 5,Good
MAKE OVER Blush On Single 6 g - Blush On - 03 Prom Peach,Terjual 6 rb+,Rp88.400,4.9,Ayu,bintang 5,first time beli
MAKE OVER Blush On Single 6 g - Blush On - 03 Prom Peach,Terjual 6 rb+,Rp88.400,4.9,Deni,bintang 4,Pesanan sesuai dan cocok dengan kulit saya
MAKE OVER Blush On Single 6 g - Blush On - 03 Prom Peach,Terjual 6 rb+,Rp88.400,4.9,Aini,bintang 5,"pesanan ud diterima dgn baik,packingny jg rapi.tq"
MAKE OVER Blush On Single 6 g - Blush On - 03 Prom Peach,Terjual 6 rb+,Rp88.400,4.9,Puji,bintang 5,"agak kurang cocok untuk yang Kuning Langsat ke sawo matang, cocok untuk orang putih.. tapi masih aman"
MAKE OVER Blush On Single 6 g - Blush On - 03 Prom Peach,Terjual 6 rb+,Rp88.400,4.9,V***a,bintang 5,bagus warnanya
MAKE OVER Blush On Single 6 g - Blush On - 03 Prom Peach,Terjual 6 rb+,Rp88.400,4.9,Jajang,bintang 5,recommended seller
MAKE OVER Blush On Single 6 g - Blush On - 03 Prom Peach,Terjual 6 rb+,Rp88.400,4.9,Z***a,bintang 5,"Packaging rapih, dan blush on pigmented banget, also very easy to apply"
MAKE OVER Blush On Single 6 g - Blush On - 03 Prom Peach,Terjual 6 rb+,Rp88.400,4.9,Izzah,bintang 5,Recommended seller. Makasih ya bonusnya. Sukses terus kaka
MAKE OVER Blush On Single 6 g - Blush On - 03 Prom Peach,Terjual 6 rb+,Rp88.400,4.9,F***Y,bintang 5,Suka warnanyaaa<3
MAKE OVER Blush On Single 6 g - Blush On - 03 Prom Peach,Terjual 6 rb+,Rp88.400,4.9,R***a,bintang 5,"Respon cepat, packing rapi, produk oke, seller ramah plus dikasih bonus micellar water.. terbaik.. terimakasih"
MAKE OVER Blush On Single 6 g - Blush On - 03 Prom Peach,Terjual 6 rb+,Rp88.400,4.9,S***a,bintang 5,warnanya oke banget di kulit sawo matang
MAKE OVER Blush On Single 6 g - Blush On - 03 Prom Peach,Terjual 6 rb+,Rp88.400,4.9,W***a,bintang 5,warnanya cantiiiikkk
MAKE OVER Blush On Single 6 g - Blush On - 03 Prom Peach,Terjual 6 rb+,Rp88.400,4.9,ridwan,bintang 5,ridwan
MAKE OVER Blush On Single 6 g - Blush On - 03 Prom Peach,Terjual 6 rb+,Rp88.400,4.9,yeni,bintang 5,"produk bagus, mudah diaplikasinya...."
MAKE OVER Blush On Single 6 g - Blush On - 03 Prom Peach,Terjual 6 rb+,Rp88.400,4.9,Yulia,bintang 5,"Antaran cepat, ukuran pas, kemasan aman dan mutu produk oke"
MAKE OVER Blush On Single 6 g - Blush On - 03 Prom Peach,Terjual 6 rb+,Rp88.400,4.9,SOW,bintang 5,Mantul packingan nyaa tq minn ü•∞
MAKE OVER Blush On Single 6 g - Blush On - 03 Prom Peach,Terjual 6 rb+,Rp88.400,4.9,Lindawaty,bintang 5,pesanan yg dstang sesuai dengan diskripsi
MAKE OVER Blush On Single 6 g - Blush On - 03 Prom Peach,Terjual 6 rb+,Rp88.400,4.9,Afu,bintang 5,"ahirnya paket dari make over nyampek juga,paketnya datang dengan selamat kurirnya ramah pekingan ok lovlovlov make over tokonya recomen bangen dehüëçüëç"
MAKE OVER Blush On Single 6 g - Blush On - 03 Prom Peach,Terjual 6 rb+,Rp88.400,4.9,LIly,bintang 5,"mantab pengiriman cpt, packing aman"
MAKE OVER Blush On Single 6 g - Blush On - 03 Prom Peach,Terjual 6 rb+,Rp88.400,4.9,F***i,bintang 5,"Dapet harga yg lumayan murah di 11.11 kmrn, selalu pakai make over untuk make up aku karena emang sebagus ituüòç cinta banget sama make over"
MAKE OVER Blush On Single 6 g - Blush On - 03 Prom Peach,Terjual 6 rb+,Rp88.400,4.9,S***i,bintang 5,S***i
MAKE OVER Blush On Single 6 g - Blush On - 03 Prom Peach,Terjual 6 rb+,Rp88.400,4.9,A***a,bintang 5,"mudah banget aplikasinya, keren ihhh üëçüèªüëçüèªüëçüèª"
MAKE OVER Blush On Single 6 g - Blush On - 03 Prom Peach,Terjual 6 rb+,Rp88.400,4.9,Z***a,bintang 5,"Suka bingits, warna nya cocok bgt di kulit ku. trims seller"
MAKE OVER Blush On Single 6 g - Blush On - 03 Prom Peach,Terjual 6 rb+,Rp88.400,4.9,B***t,bintang 5,thanks‚ú®
MAKE OVER Blush On Single 6 g - Blush On - 03 Prom Peach,Terjual 6 rb+,Rp88.400,4.9,saziwi,bintang 5,lagi promo.bener2 murah bgt packing aman sekali
MAKE OVER Blush On Single 6 g - Blush On - 03 Prom Peach,Terjual 6 rb+,Rp88.400,4.9,E***y,bintang 5,"pengiriman cepat, packing aman, barang ORI dan ED lama 2025"
MAKE OVER Blush On Single 6 g - Blush On - 03 Prom Peach,Terjual 6 rb+,Rp88.400,4.9,Ayu,bintang 5,"Packaging aman, kualitas produk bagus"
MAKE OVER Blush On Single 6 g - Blush On - 03 Prom Peach,Terjual 6 rb+,Rp88.400,4.9,Lungit,bintang 5,so pweeeeetttyyy
MAKE OVER Blush On Single 6 g - Blush On - 03 Prom Peach,Terjual 6 rb+,Rp88.400,4.9,R***i,bintang 5,R***i
MAKE OVER Blush On Single 6 g - Blush On - 03 Prom Peach,Terjual 6 rb+,Rp88.400,4.9,Nining,bintang 5,Keren
MAKE OVER Blush On Single 6 g - Blush On - 03 Prom Peach,Terjual 6 rb+,Rp88.400,4.9,Bayu,bintang 4,Bayu
MAKE OVER Blush On Single 6 g - Blush On - 03 Prom Peach,Terjual 6 rb+,Rp88.400,4.9,WULANDARI,bintang 5,Packing amanüòç
MAKE OVER Blush On Single 6 g - Blush On - 03 Prom Peach,Terjual 6 rb+,Rp88.400,4.9,Vita,bintang 5,"suka, cocok dikulit. pokoknya aku suka make over"
MAKE OVER Blush On Single 6 g - Blush On - 03 Prom Peach,Terjual 6 rb+,Rp88.400,4.9,A***q,bintang 5,"Pesanan sesuai; Pengiriman cepat; packing rapi & aman; ED juga masih lama, 2025. Luvvv make over pokoknya."
MAKE OVER Blush On Single 6 g - Blush On - 03 Prom Peach,Terjual 6 rb+,Rp88.400,4.9,E***h,bintang 5,"SEJARAH ORDER DITOKPED, BARU KALI INI DAPET BUBBLE WRAP NYA KAYA BELI SOUND SYSTEM. PADAHAL CUMA BLUSH ON. SATU BIJI PULA. JUARA BGT KAN. WARNNA BLUSH ON JUGA IDAMAN BGT. REKOMEN BUAT YG BERKULIT SAWO MATENG. SELLER NYA HARI MINGGU JUGA DI LAYANI TERNYATA. TERBAIK LAHüëç"
MAKE OVER Blush On Single 6 g - Blush On - 03 Prom Peach,Terjual 6 rb+,Rp88.400,4.9,Juliana,bintang 5,warnanya cakepp orens2 gt
MAKE OVER Blush On Single 6 g - Blush On - 03 Prom Peach,Terjual 6 rb+,Rp88.400,4.9,Iman,bintang 5,mantap cepat pengirimannyaa
MAKE OVER Blush On Single 6 g - Blush On - 03 Prom Peach,Terjual 6 rb+,Rp88.400,4.9,eka,bintang 5,Thank youuu
MAKE OVER Blush On Single 6 g - Blush On - 03 Prom Peach,Terjual 6 rb+,Rp88.400,4.9,Alma,bintang 1,Barang yang di terima dalam keadaan rusak sehingga tidak bisa di pakai sama sekali. saya mengalami kerugian sejumlah Rp.79.200 . Mungkin buat pelanjaran bagi yang lain untuk tidak membeli produk kosmetik secara online. Karena jika sudah kejadian seperti ini bisa menjadi sangat merugikan apalagi jika harga atas barang tsb cukup besar
MAKE OVER Blush On Single 6 g - Blush On - 03 Prom Peach,Terjual 6 rb+,Rp88.400,4.9,E***h,bintang 5,"pengiriman cepat, pesanan sesuai, packing aman"
MAKE OVER Blush On Single 6 g - Blush On - 03 Prom Peach,Terjual 6 rb+,Rp88.400,4.9,H***a,bintang 5,blush on yg selalu buat mood OK setiap hari. aman sampai tujuan..
MAKE OVER Blush On Single 6 g - Blush On - 03 Prom Peach,Terjual 6 rb+,Rp88.400,4.9,B***g,bintang 5,"realpict, pengemasannya baik, fast respon pengirimannya pesan kmrn hr ini sampe. barangnya original. Mantap... pasti langganan di toko ini.."
MAKE OVER Blush On Single 6 g - Blush On - 03 Prom Peach,Terjual 6 rb+,Rp88.400,4.9,Yohanes,bintang 5,Produk original & sesuai pesanan. Terima Kasih
MAKE OVER Blush On Single 6 g - Blush On - 03 Prom Peach,Terjual 6 rb+,Rp88.400,4.9,Riana,bintang 5,"Produk ok, delivery lumayan cepat"
MAKE OVER Blush On Single 6 g - Blush On - 03 Prom Peach,Terjual 6 rb+,Rp88.400,4.9,Safitria,bintang 5,"barang datang dengan aman, dapat hadiah pula"
MAKE OVER Blush On Single 6 g - Blush On - 03 Prom Peach,Terjual 6 rb+,Rp88.400,4.9,y***a,bintang 5,"Barang sudah sampai dan aman, terima kasih seller"
MAKE OVER Blush On Single 6 g - Blush On - 03 Prom Peach,Terjual 6 rb+,Rp88.400,4.9,Iwan,bintang 5,puas
MAKE OVER Blush On Single 6 g - Blush On - 03 Prom Peach,Terjual 6 rb+,Rp88.400,4.9,Suhanda,bintang 5,Barang sampai dgn Selamat‚Ä¶ di packing dgn dus rapi bgt‚Ä¶ pokok ok lah.‚Ä¶
MAKE OVER Blush On Single 6 g - Blush On - 03 Prom Peach,Terjual 6 rb+,Rp88.400,4.9,B***a,bintang 5,"Packing aman, warna cakep, sesuai deskripsi"
MAKE OVER Blush On Single 6 g - Blush On - 03 Prom Peach,Terjual 6 rb+,Rp88.400,4.9,M***d,bintang 5,"Beli sepaket sama bedaknya, belum dicoba tapi kualitas make over ga usah diragukan sih."
MAKE OVER Blush On Single 6 g - Blush On - 03 Prom Peach,Terjual 6 rb+,Rp88.400,4.9,angela,bintang 5,Barang aman & packaging rapi dg bubble wrap
MAKE OVER Blush On Single 6 g - Blush On - 03 Prom Peach,Terjual 6 rb+,Rp88.400,4.9,Santi,bintang 5,Suka warna smua warna nya
MAKE OVER Blush On Single 6 g - Blush On - 03 Prom Peach,Terjual 6 rb+,Rp88.400,4.9,Y***i,bintang 5,pelayanan toko bagus.Prdk sesuai..packing pengiriman aman.Trmkasihüôè
MAKE OVER Blush On Single 6 g - Blush On - 03 Prom Peach,Terjual 6 rb+,Rp88.400,4.9,Riska,bintang 5,belum dcoba
MAKE OVER Blush On Single 6 g - Blush On - 03 Prom Peach,Terjual 6 rb+,Rp88.400,4.9,A***e,bintang 5,"recomendeeed, barang originaaal, pengiriman cepeet bangeeet"
MAKE OVER Blush On Single 6 g - Blush On - 03 Prom Peach,Terjual 6 rb+,Rp88.400,4.9,L***A,bintang 5,"Barang original, enak digunakan, bagus, tidak, rusak, tidak cacat, masih tersegel, pengiriman cepat, tanggal kadaluarsa masih lama"
MAKE OVER Blush On Single 6 g - Blush On - 03 Prom Peach,Terjual 6 rb+,Rp88.400,4.9,Setiawan,bintang 5,tq
MAKE OVER Blush On Single 6 g - Blush On - 03 Prom Peach,Terjual 6 rb+,Rp88.400,4.9,Loe,bintang 5,"kereeen barang nya baguss, dan murah krn lagi promo"
MAKE OVER Blush On Single 6 g - Blush On - 03 Prom Peach,Terjual 6 rb+,Rp88.400,4.9,sri,bintang 5,"packing bagus sekali,cepat sampai"
MAKE OVER Blush On Single 6 g - Blush On - 03 Prom Peach,Terjual 6 rb+,Rp88.400,4.9,Tri,bintang 3,Pengiriman rada lama.
MAKE OVER Blush On Single 6 g - Blush On - 03 Prom Peach,Terjual 6 rb+,Rp88.400,4.9,L***i,bintang 5,L***i
MAKE OVER Blush On Single 6 g - Blush On - 03 Prom Peach,Terjual 6 rb+,Rp88.400,4.9,T***n,bintang 5,oke
MAKE OVER Blush On Single 6 g - Blush On - 03 Prom Peach,Terjual 6 rb+,Rp88.400,4.9,Dewi,bintang 5,Sesuai pesanan üëç
MAKE OVER Blush On Single 6 g - Blush On - 03 Prom Peach,Terjual 6 rb+,Rp88.400,4.9,T***n,bintang 5,puas
MAKE OVER Blush On Single 6 g - Blush On - 03 Prom Peach,Terjual 6 rb+,Rp88.400,4.9,P***a,bintang 5,paking rapi pengiriman cepat harga murah barang sesuai deskripsi terima kasih...
MAKE OVER Blush On Single 6 g - Blush On - 03 Prom Peach,Terjual 6 rb+,Rp88.400,4.9,Erisca,bintang 4,bagus murce pisan üëç
MAKE OVER Blush On Single 6 g - Blush On - 03 Prom Peach,Terjual 6 rb+,Rp88.400,4.9,Mutia,bintang 5,"Aduh,, mksh banyakkk bonus nya,seneng banget deh pas buka paket ny sampe gk percaya aku kira paket ny bukan punya ak,tau2ny aku di kasih bonus lipstik sama penjual nyü§ó,makasih lohhh üòò"
MAKE OVER Blush On Single 6 g - Blush On - 03 Prom Peach,Terjual 6 rb+,Rp88.400,4.9,Laela,bintang 5,"Barang selamat ga ada yg cacat, ternyata contour nya dapet brush dibawahnya, blush on nya juga bagus bangett.. pluusss dikasih bonus brush lumayan bgttt makasih ya sellerrr love uuu"
MAKE OVER Blush On Single 6 g - Blush On - 03 Prom Peach,Terjual 6 rb+,Rp88.400,4.9,D***a,bintang 5,Desainnya mewah. Desainnya lucu.
MAKE OVER Blush On Single 6 g - Blush On - 03 Prom Peach,Terjual 6 rb+,Rp88.400,4.9,f***a,bintang 5,f***a
MAKE OVER Blush On Single 6 g - Blush On - 03 Prom Peach,Terjual 6 rb+,Rp88.400,4.9,E***a,bintang 5,thx
MAKE OVER Blush On Single 6 g - Blush On - 03 Prom Peach,Terjual 6 rb+,Rp88.400,4.9,K***e,bintang 5,oke
MAKE OVER Blush On Single 6 g - Blush On - 03 Prom Peach,Terjual 6 rb+,Rp88.400,4.9,Nadya,bintang 5,"datengnya lumayan lama, mgkin krna ekspedisinya kali ya, tp packingnya aman, gak ada retak sama sekali"
MAKE OVER Blush On Single 6 g - Blush On - 03 Prom Peach,Terjual 6 rb+,Rp88.400,4.9,Glowsy,bintang 5,ok
MAKE OVER Blush On Single 6 g - Blush On - 03 Prom Peach,Terjual 6 rb+,Rp88.400,4.9,W***y,bintang 5,Bagussss
MAKE OVER Blush On Single 6 g - Blush On - 03 Prom Peach,Terjual 6 rb+,Rp88.400,4.9,Yustia,bintang 5,Produk blush on dikemas rapi dan sesuai.
